id,aid,aname,atype,dist
5812,6222,珞珈山,3,700米
5812,5778,武汉大学樱花节,3,1.3公里
5812,5789,宝通禅寺,3,2公里
5812,6206,武汉理工大学,3,2.1公里
5812,5690787,华中师范大学,3,2.1公里
5812,7047467,武汉杜莎夫人蜡像馆,3,2.6公里
5812,6221,湖北省博物馆,3,2.8公里
5812,5774,东湖,3,3公里
5812,8078128,广埠屯地铁站,6,1.5公里
5812,8078127,街道口地铁站,6,1.5公里
5812,8078126,宝通寺地铁站,6,2.3公里
5812,8078129,虎泉地铁站,6,2.7公里
5812,8078124,洪山广场地铁站,6,2.9公里
5812,8078132,楚河汉街地铁站,6,3公里
5812,8078125,中南路地铁站,6,3公里
5803,31630,晴川阁,3,900米
5803,5426285,黄鹤楼,3,1.4公里
5803,35614,首义文化公园,3,1.8公里
5803,5807,武昌起义军政府旧址,3,1.8公里
5803,6163,昙华林,3,1.9公里
5803,35620,汉阳造艺术区,3,2.2公里
5803,5805,古琴台,3,2.6公里
5803,5434154,归元寺,3,2.8公里
5803,8078119,积玉桥地铁站,6,2.4公里
5803,8078121,螃蟹岬地铁站,6,2.8公里
6221,5684044,湖北美术馆,3,300米
6221,35615,落雁岛,3,1.1公里
6221,31646,东湖海洋世界,3,1.7公里
6221,7047467,武汉杜莎夫人蜡像馆,3,2公里
6221,5774,东湖,3,2.3公里
6221,3314976,汉街,3,2.4公里
6221,3270405,武汉市东湖风景区,3,2.5公里
6221,5812,武汉大学,3,2.8公里
6221,8078134,东亭地铁站,6,1.4公里
6221,8078133,青鱼嘴地铁站,6,1.5公里
6221,8078135,岳家嘴地铁站,6,1.7公里
6221,8078136,铁机路地铁站,6,2.4公里
6221,8078132,楚河汉街地铁站,6,2.5公里
5426285,5807,武昌起义军政府旧址,3,500米
5426285,35614,首义文化公园,3,500米
5426285,6163,昙华林,3,1.1公里
5426285,5803,武汉长江大桥,3,1.4公里
5426285,31630,晴川阁,3,2.1公里
5426285,35812,铁门关,3,2.2公里
5426285,3303451,龟山,3,2.8公里
5426285,35633,晴川桥,3,2.9公里
5426285,8078121,螃蟹岬地铁站,6,1.7公里
5426285,8078119,积玉桥地铁站,6,2公里
5426285,8078146,武昌火车地铁站,6,2.1公里
5426285,5688884,武昌火车站,6,2.3公里
5426285,8078123,小龟山地铁站,6,2.7公里
5426285,8078144,梅苑小区地铁站,6,2.8公里
5774,3270405,武汉市东湖风景区,3,1.5公里
5774,5773,梅园,3,1.8公里
5774,5811,磨山景区,3,2公里
5774,35616,东湖樱花园,3,2.3公里
5774,6221,湖北省博物馆,3,2.3公里
5774,35615,落雁岛,3,2.4公里
5774,5684044,湖北美术馆,3,2.5公里
5774,5812,武汉大学,3,3公里
6163,5426285,黄鹤楼,3,1.1公里
6163,5807,武昌起义军政府旧址,3,1.2公里
6163,35614,首义文化公园,3,1.4公里
6163,5803,武汉长江大桥,3,1.9公里
6163,31630,晴川阁,3,2.3公里
6163,35812,铁门关,3,2.3公里
6163,35633,晴川桥,3,2.8公里
6163,6630975,江汉关大楼,3,2.8公里
6163,8078121,螃蟹岬地铁站,6,900米
6163,8078119,积玉桥地铁站,6,1公里
6163,8078123,小龟山地铁站,6,2公里
6163,8078146,武昌火车地铁站,6,2.6公里
6163,5688884,武昌火车站,6,2.8公里
6163,8078124,洪山广场地铁站,6,2.8公里
6163,8078125,中南路地铁站,6,2.9公里
6163,8078144,梅苑小区地铁站,6,3公里
35611,6630969,吉庆街,3,400米
35611,6243,武汉美术馆,3,500米
35611,35815,黎黄陂路街头博物馆,3,1.1公里
35611,6630975,江汉关大楼,3,1.2公里
35611,6218,中山公园,3,1.7公里
35611,35633,晴川桥,3,2.2公里
35611,3302431,武昌江滩,3,2.8公里
35611,5766,解放公园,3,3公里
35611,8078067,循礼门地铁站,6,200米
35611,8078118,江汉路地铁站,6,600米
35611,8078086,友谊路地铁站,6,1公里
35611,8078066,大智路地铁站,6,1.2公里
35611,8078117,中山公园地铁站,6,1.3公里
35611,8078087,利济北路地铁站,6,1.9公里
35611,8078064,三阳路地铁站,6,2.2公里
35611,8078116,青年路地铁站,6,2.2公里
5778,5812,武汉大学,3,1.3公里
5778,5689312,武汉大学信息学部,3,1.5公里
5778,6222,珞珈山,3,1.7公里
5778,5690787,华中师范大学,3,1.8公里
5778,6206,武汉理工大学,3,2.5公里
5778,5773,梅园,3,2.8公里
5778,7392100,中国地质大学,3,2.8公里
5778,5789,宝通禅寺,3,3公里
5778,8078128,广埠屯地铁站,6,1.2公里
5778,8078129,虎泉地铁站,6,1.9公里
5778,8078127,街道口地铁站,6,2.1公里
5778,8078130,杨家湾地铁站,6,2.7公里
5811,35616,东湖樱花园,3,300米
5811,195896,东湖磨山,3,500米
5811,5773,梅园,3,700米
5811,3313345,东湖楚城,3,1.2公里
5811,5429419,武汉植物园,3,1.4公里
5811,35617,楚天台,3,1.5公里
5811,5774,东湖,3,2公里
5811,3270405,武汉市东湖风景区,3,2.8公里
5807,35614,首义文化公园,3,200米
5807,5426285,黄鹤楼,3,500米
5807,6163,昙华林,3,1.2公里
5807,6210,长春观,3,1.3公里
5807,5803,武汉长江大桥,3,1.8公里
5807,31613,大禹神话园,3,2.6公里
5807,31630,晴川阁,3,2.6公里
5807,35812,铁门关,3,2.6公里
5807,8078146,武昌火车地铁站,6,1.6公里
5807,8078121,螃蟹岬地铁站,6,1.6公里
5807,5688884,武昌火车站,6,1.9公里
5807,8078119,积玉桥地铁站,6,2.1公里
5807,8078144,梅苑小区地铁站,6,2.3公里
5807,8078123,小龟山地铁站,6,2.4公里
5807,8078125,中南路地铁站,6,2.6公里
5807,8078124,洪山广场地铁站,6,2.9公里
5798,5768,武汉园林,3,1.3公里
5798,5766,解放公园,3,1.4公里
5798,35641,长春街,3,1.4公里
5798,7386285,抗洪纪念碑,3,1.6公里
5798,6153,汉口江滩,3,1.9公里
5798,9926,武汉长江二桥,3,2.2公里
5798,31628,武汉体育学院,3,2.8公里
5798,3314513,大智门火车站,3,2.9公里
5798,8078061,头道街地铁站,6,700米
5798,8078063,黄浦路地铁站,6,1.2公里
5798,8078059,二七路地铁站,6,1.5公里
5798,8078024,徐州新村地铁站,6,2.1公里
5798,8078064,三阳路地铁站,6,2.2公里
6153,7386285,抗洪纪念碑,3,800米
6153,5798,古德寺,3,1.9公里
6153,9926,武汉长江二桥,3,2.2公里
6153,35641,长春街,3,2.4公里
6153,5768,武汉园林,3,2.8公里
6153,6630965,江滩公园,3,3公里
6153,8078059,二七路地铁站,6,600米
6153,8078024,徐州新村地铁站,6,800米
6153,8078061,头道街地铁站,6,1.3公里
6153,8078023,丹水池地铁站,6,2.2公里
6153,8078063,黄浦路地铁站,6,2.4公里
5434154,5805,古琴台,3,900米
5434154,35620,汉阳造艺术区,3,1.3公里
5434154,3359887,武汉动物园,3,1.5公里
5434154,3303451,龟山,3,1.9公里
5434154,31613,大禹神话园,3,2.5公里
5434154,31630,晴川阁,3,2.6公里
5434154,35812,铁门关,3,2.7公里
5434154,5803,武汉长江大桥,3,2.8公里
31630,5803,武汉长江大桥,3,900米
31630,35620,汉阳造艺术区,3,1.6公里
31630,5426285,黄鹤楼,3,2.1公里
31630,5805,古琴台,3,2.1公里
31630,6163,昙华林,3,2.3公里
31630,5807,武昌起义军政府旧址,3,2.6公里
31630,5434154,归元寺,3,2.6公里
31630,6630975,江汉关大楼,3,2.6公里
31630,8078119,积玉桥地铁站,6,2.4公里
31630,8078118,江汉路地铁站,6,2.8公里
31630,8078087,利济北路地铁站,6,2.8公里
31630,8078086,友谊路地铁站,6,2.9公里
31630,8078088,崇仁路地铁站,6,3公里
35616,5811,磨山景区,3,300米
35616,195896,东湖磨山,3,700米
35616,3312159,朱碑亭,3,800米
35616,5773,梅园,3,900米
35616,3313345,东湖楚城,3,1.1公里
35616,5429419,武汉植物园,3,1.1公里
35616,35617,楚天台,3,1.3公里
35616,5774,东湖,3,2.3公里
5785,6930442,意大利风情街,3,800米
5785,9320843,光谷多莫大教堂,3,900米
5785,5427484,中国地质大学博物馆,3,1.4公里
5785,5427303,东湖小天池CS野战,3,1.4公里
5785,7392100,中国地质大学,3,1.6公里
5785,35607,恐龙化石博物馆,3,1.7公里
5785,7392202,荷兰风情园,3,2.2公里
5785,35643,中南民族大学,3,2.9公里
5785,8078131,光谷广场地铁站,6,1.6公里
5785,8078130,杨家湾地铁站,6,3公里
3302431,6239,宋庆龄旧居,3,1.6公里
3302431,9008233,黎黄陂路,3,1.9公里
3302431,6630975,江汉关大楼,3,1.9公里
3302431,35815,黎黄陂路街头博物馆,3,2.1公里
3302431,6243,武汉美术馆,3,2.4公里
3302431,6630969,吉庆街,3,2.6公里
3302431,9926,武汉长江二桥,3,2.8公里
3302431,35611,江汉路,3,2.8公里
3302431,8078119,积玉桥地铁站,6,2.2公里
3302431,8078118,江汉路地铁站,6,2.4公里
3302431,8078066,大智路地铁站,6,2.5公里
3302431,8078064,三阳路地铁站,6,2.6公里
3302431,8078121,螃蟹岬地铁站,6,2.9公里
3302431,8078067,循礼门地铁站,6,3公里
6630975,6630969,吉庆街,3,1.2公里
6630975,35611,江汉路,3,1.2公里
6630975,35815,黎黄陂路街头博物馆,3,1.4公里
6630975,35633,晴川桥,3,1.9公里
6630975,3302431,武昌江滩,3,1.9公里
6630975,31630,晴川阁,3,2.6公里
6630975,6218,中山公园,3,2.8公里
6630975,6163,昙华林,3,2.8公里
6630975,8078118,江汉路地铁站,6,700米
6630975,8078067,循礼门地铁站,6,1.4公里
6630975,8078066,大智路地铁站,6,1.8公里
6630975,8078086,友谊路地铁站,6,1.9公里
6630975,8078119,积玉桥地铁站,6,2公里
6630975,8078117,中山公园地铁站,6,2.3公里
6630975,8078064,三阳路地铁站,6,2.6公里
6630975,8078087,利济北路地铁站,6,2.6公里
6222,5688520,武汉大学-图书馆,3,500米
6222,5689312,武汉大学信息学部,3,500米
6222,5812,武汉大学,3,700米
6222,5789,宝通禅寺,3,1.3公里
6222,6206,武汉理工大学,3,1.4公里
6222,5778,武汉大学樱花节,3,1.7公里
6222,5690787,华中师范大学,3,1.7公里
6222,7047467,武汉杜莎夫人蜡像馆,3,2.6公里
6222,8078127,街道口地铁站,6,800米
6222,8078128,广埠屯地铁站,6,1.3公里
6222,8078126,宝通寺地铁站,6,1.6公里
6222,8078125,中南路地铁站,6,2.4公里
6222,8078124,洪山广场地铁站,6,2.5公里
6222,8078129,虎泉地铁站,6,2.6公里
6222,8078132,楚河汉街地铁站,6,2.8公里
5429419,35617,楚天台,3,900米
5429419,35616,东湖樱花园,3,1.1公里
5429419,3313345,东湖楚城,3,1.2公里
5429419,5811,磨山景区,3,1.4公里
5429419,3312159,朱碑亭,3,1.5公里
5429419,195896,东湖磨山,3,1.7公里
5429419,5773,梅园,3,1.9公里
5429419,3303334,武汉东湖风景区落雁景区,3,2.8公里
35620,5805,古琴台,3,500米
35620,3303451,龟山,3,800米
35620,5434154,归元寺,3,1.3公里
35620,31613,大禹神话园,3,1.6公里
35620,31630,晴川阁,3,1.6公里
35620,35812,铁门关,3,1.7公里
35620,35633,晴川桥,3,1.8公里
35620,5803,武汉长江大桥,3,2.2公里
35620,8078088,崇仁路地铁站,6,2.1公里
35620,8078087,利济北路地铁站,6,2.5公里
35620,8078090,硚口路地铁站,6,2.5公里
6630965,5689569,堤角公园,3,2公里
6630965,6153,汉口江滩,3,3公里
6630965,8078023,丹水池地铁站,6,1.4公里
6630965,8078020,新荣地铁站,6,1.6公里
6630965,8078019,堤角地铁站,6,2.4公里
6630965,8078024,徐州新村地铁站,6,2.6公里
5428428,7047457,第二届武汉东湖灯会,3,1.3公里
5428428,31646,东湖海洋世界,3,1.7公里
5428428,6208,梨园风景区,3,1.7公里
5428428,5682581,东湖牡丹园,3,1.9公里
5428428,3270405,武汉市东湖风景区,3,2.1公里
5428428,6630987,屈原纪念馆,3,2.1公里
5428428,35615,落雁岛,3,2.2公里
5428428,6199,天兴洲,3,2.8公里
5428428,8078137,罗家港地铁站,6,1.4公里
5428428,8078136,铁机路地铁站,6,1.7公里
5428428,8078138,园林路地铁站,6,1.8公里
5428428,8078139,仁和路地铁站,6,2.2公里
5428428,8078135,岳家嘴地铁站,6,2.5公里
3314976,7047467,武汉杜莎夫人蜡像馆,3,700米
3314976,5686674,湖北美术学院,3,2.4公里
3314976,5684044,湖北美术馆,3,2.4公里
3314976,6630983,阅马场,3,2.4公里
3314976,3319445,湖北省美术馆,3,2.4公里
3314976,6221,湖北省博物馆,3,2.4公里
3314976,5789,宝通禅寺,3,2.8公里
3314976,6210,长春观,3,2.8公里
3314976,8078132,楚河汉街地铁站,6,400米
3314976,8078133,青鱼嘴地铁站,6,1.2公里
3314976,8078123,小龟山地铁站,6,1.3公里
3314976,8078124,洪山广场地铁站,6,1.4公里
3314976,8078134,东亭地铁站,6,2公里
3314976,8078121,螃蟹岬地铁站,6,2.3公里
3314976,8078125,中南路地铁站,6,2.3公里
3314976,8078135,岳家嘴地铁站,6,2.9公里
9926,6153,汉口江滩,3,2.2公里
9926,5798,古德寺,3,2.2公里
9926,5766,解放公园,3,2.3公里
9926,7389666,黎黄坡路街头博物馆,3,2.8公里
9926,6239,宋庆龄旧居,3,2.8公里
9926,3302431,武昌江滩,3,2.8公里
9926,9008233,黎黄陂路,3,2.9公里
9926,35815,黎黄陂路街头博物馆,3,2.9公里
9926,8078063,黄浦路地铁站,6,1.4公里
9926,8078061,头道街地铁站,6,1.6公里
9926,8078064,三阳路地铁站,6,2公里
9926,8078059,二七路地铁站,6,2.4公里
9926,8078066,大智路地铁站,6,2.9公里
9926,8078024,徐州新村地铁站,6,2.9公里
35815,6243,武汉美术馆,3,700米
35815,6630969,吉庆街,3,700米
35815,35611,江汉路,3,1.1公里
35815,6630975,江汉关大楼,3,1.4公里
35815,3302431,武昌江滩,3,2.1公里
35815,5766,解放公园,3,2.2公里
35815,6218,中山公园,3,2.6公里
35815,9926,武汉长江二桥,3,2.9公里
35815,8078066,大智路地铁站,6,500米
35815,8078118,江汉路地铁站,6,1.1公里
35815,8078067,循礼门地铁站,6,1.2公里
35815,8078064,三阳路地铁站,6,1.2公里
35815,8078086,友谊路地铁站,6,2.1公里
35815,8078117,中山公园地铁站,6,2.3公里
35815,8078063,黄浦路地铁站,6,2.4公里
35815,8078087,利济北路地铁站,6,3公里
5805,35620,汉阳造艺术区,3,500米
5805,5434154,归元寺,3,900米
5805,3303451,龟山,3,1.3公里
5805,31613,大禹神话园,3,2.1公里
5805,31630,晴川阁,3,2.1公里
5805,35812,铁门关,3,2.2公里
5805,35633,晴川桥,3,2.3公里
5805,5803,武汉长江大桥,3,2.6公里
5805,8078088,崇仁路地铁站,6,2.3公里
5805,8078090,硚口路地铁站,6,2.3公里
5805,8078087,利济北路地铁站,6,2.7公里
6930442,9320843,光谷多莫大教堂,3,500米
6930442,5785,华中科技大学,3,800米
6930442,5427484,中国地质大学博物馆,3,1公里
6930442,5427303,东湖小天池CS野战,3,1.1公里
6930442,35607,恐龙化石博物馆,3,1.3公里
6930442,7392100,中国地质大学,3,1.3公里
6930442,7392202,荷兰风情园,3,1.5公里
6930442,35643,中南民族大学,3,2.3公里
6930442,8078131,光谷广场地铁站,6,800米
6930442,8078130,杨家湾地铁站,6,2.1公里
35614,5807,武昌起义军政府旧址,3,200米
35614,5426285,黄鹤楼,3,500米
35614,6163,昙华林,3,1.4公里
35614,6210,长春观,3,1.4公里
35614,5803,武汉长江大桥,3,1.8公里
35614,31613,大禹神话园,3,2.6公里
35614,31630,晴川阁,3,2.6公里
35614,35812,铁门关,3,2.7公里
35614,8078146,武昌火车地铁站,6,1.5公里
35614,5688884,武昌火车站,6,1.8公里
35614,8078121,螃蟹岬地铁站,6,1.9公里
35614,8078144,梅苑小区地铁站,6,2.3公里
35614,8078119,积玉桥地铁站,6,2.4公里
35614,8078123,小龟山地铁站,6,2.6公里
35614,8078125,中南路地铁站,6,2.7公里
5690787,5689312,武汉大学信息学部,3,1.2公里
5690787,6206,武汉理工大学,3,1.2公里
5690787,6222,珞珈山,3,1.7公里
5690787,5778,武汉大学樱花节,3,1.8公里
5690787,5688520,武汉大学-图书馆,3,2公里
5690787,5812,武汉大学,3,2.1公里
5690787,5789,宝通禅寺,3,2.4公里
5690787,5688439,武汉大学工学部,3,2.5公里
5690787,8078128,广埠屯地铁站,6,600米
5690787,8078129,虎泉地铁站,6,1公里
5690787,8078127,街道口地铁站,6,1.3公里
5690787,8078126,宝通寺地铁站,6,2.4公里
5690787,8078130,杨家湾地铁站,6,2.5公里
6218,35611,江汉路,3,1.7公里
6218,6630969,吉庆街,3,2公里
6218,6243,武汉美术馆,3,2.1公里
6218,35815,黎黄陂路街头博物馆,3,2.6公里
6218,35633,晴川桥,3,2.7公里
6218,9008233,黎黄陂路,3,2.8公里
6218,6630975,江汉关大楼,3,2.8公里
6218,6239,宋庆龄旧居,3,3公里
6218,8078117,中山公园地铁站,6,600米
6218,8078116,青年路地铁站,6,600米
6218,8078086,友谊路地铁站,6,900米
6218,8078087,利济北路地铁站,6,1公里
6218,8078115,王家墩东地铁站,6,1.1公里
6218,8078067,循礼门地铁站,6,1.5公里
6218,8078118,江汉路地铁站,6,2.1公里
6218,8078112,范湖地铁站,6,2.4公里
7047467,3314976,汉街,3,700米
7047467,6221,湖北省博物馆,3,2公里
7047467,5684044,湖北美术馆,3,2.1公里
7047467,5789,宝通禅寺,3,2.4公里
7047467,6222,珞珈山,3,2.6公里
7047467,5812,武汉大学,3,2.6公里
7047467,3319445,湖北省美术馆,3,2.8公里
7047467,6210,长春观,3,3公里
7047467,8078132,楚河汉街地铁站,6,500米
7047467,8078133,青鱼嘴地铁站,6,1.3公里
7047467,8078124,洪山广场地铁站,6,1.4公里
7047467,8078123,小龟山地铁站,6,1.7公里
7047467,8078134,东亭地铁站,6,2公里
7047467,8078125,中南路地铁站,6,2.2公里
7047467,8078126,宝通寺地铁站,6,2.6公里
7047467,8078121,螃蟹岬地铁站,6,2.8公里
5773,5811,磨山景区,3,700米
5773,35616,东湖樱花园,3,900米
5773,195896,东湖磨山,3,1.1公里
5773,5774,东湖,3,1.8公里
5773,5429419,武汉植物园,3,1.9公里
5773,35617,楚天台,3,2.2公里
5773,7392100,中国地质大学,3,2.6公里
5773,5778,武汉大学樱花节,3,2.8公里
3270405,5774,东湖,3,1.5公里
3270405,31646,东湖海洋世界,3,1.5公里
3270405,35615,落雁岛,3,1.8公里
3270405,5428428,武汉欢乐谷,3,2.1公里
3270405,195896,东湖磨山,3,2.4公里
3270405,6221,湖北省博物馆,3,2.5公里
3270405,5684044,湖北美术馆,3,2.5公里
3270405,5811,磨山景区,3,2.8公里
3270405,8078136,铁机路地铁站,6,2.8公里
3270405,8078135,岳家嘴地铁站,6,3公里
6725646,5693976,湖北经济学院继续教育学院武昌校区,3,2.3公里
6725646,5693975,湖北省经济管理干部学院南湖校区,3,2.3公里
6725646,5693997,基督教福音堂,3,2.5公里
6725646,5694010,湖北公共关系职业培训学院,3,2.8公里
6725646,17691511,儿童成长主题乐园,3,2.8公里
6725646,17792986,儿童成长主题乐园,3,2.8公里
6630969,6243,武汉美术馆,3,200米
6630969,35611,江汉路,3,400米
6630969,35815,黎黄陂路街头博物馆,3,700米
6630969,6630975,江汉关大楼,3,1.2公里
6630969,6218,中山公园,3,2公里
6630969,35633,晴川桥,3,2.4公里
6630969,3302431,武昌江滩,3,2.6公里
6630969,5766,解放公园,3,2.7公里
6630969,8078067,循礼门地铁站,6,500米
6630969,8078118,江汉路地铁站,6,600米
6630969,8078066,大智路地铁站,6,900米
6630969,8078086,友谊路地铁站,6,1.3公里
6630969,8078117,中山公园地铁站,6,1.6公里
6630969,8078064,三阳路地铁站,6,1.9公里
6630969,8078087,利济北路地铁站,6,2.2公里
6630969,8078116,青年路地铁站,6,2.5公里
35633,31630,晴川阁,3,1.1公里
35633,35620,汉阳造艺术区,3,1.8公里
35633,6630975,江汉关大楼,3,1.9公里
35633,5803,武汉长江大桥,3,1.9公里
35633,35611,江汉路,3,2.2公里
35633,5805,古琴台,3,2.3公里
35633,6163,昙华林,3,2.8公里
35633,5426285,黄鹤楼,3,2.9公里
35633,8078086,友谊路地铁站,6,1.8公里
35633,8078087,利济北路地铁站,6,1.9公里
35633,8078118,江汉路地铁站,6,1.9公里
35633,8078117,中山公园地铁站,6,2.1公里
35633,8078088,崇仁路地铁站,6,2.2公里
35633,8078067,循礼门地铁站,6,2.3公里
35633,8078119,积玉桥地铁站,6,2.5公里
35633,8078116,青年路地铁站,6,2.9公里
5684044,6221,湖北省博物馆,3,300米
5684044,35615,落雁岛,3,1公里
5684044,6208,梨园风景区,3,1.5公里
5684044,31646,东湖海洋世界,3,1.5公里
5684044,7047467,武汉杜莎夫人蜡像馆,3,2.1公里
5684044,3314976,汉街,3,2.4公里
5684044,5774,东湖,3,2.5公里
5684044,3270405,武汉市东湖风景区,3,2.5公里
5684044,8078134,东亭地铁站,6,1.1公里
5684044,8078133,青鱼嘴地铁站,6,1.4公里
5684044,8078135,岳家嘴地铁站,6,1.5公里
5684044,8078136,铁机路地铁站,6,2.2公里
5684044,8078132,楚河汉街地铁站,6,2.5公里
3303451,31630,晴川阁,3,800米
3303451,35620,汉阳造艺术区,3,800米
3303451,35812,铁门关,3,800米
3303451,35633,晴川桥,3,1.2公里
3303451,5805,古琴台,3,1.3公里
3303451,5803,武汉长江大桥,3,1.4公里
3303451,5434154,归元寺,3,1.9公里
3303451,5426285,黄鹤楼,3,2.8公里
3303451,8078088,崇仁路地铁站,6,2.5公里
3303451,8078087,利济北路地铁站,6,2.5公里
3303451,8078086,友谊路地铁站,6,2.9公里
5434197,5679748,后襄河公园,3,200米
5434197,6630988,江汉湖区湿地,3,1.8公里
5434197,3311487,西北湖绿化广场,3,2.1公里
5434197,5681691,常青公园,3,2.7公里
5434197,105886,汉口火车站,6,500米
5434197,8078111,汉口火车地铁站,6,500米
5434197,8078112,范湖地铁站,6,700米
5434197,8078110,长港路地铁站,6,2公里
5434197,8078115,王家墩东地铁站,6,2.1公里
5434197,8078116,青年路地铁站,6,3公里
5434221,5434209,琴台大剧院,3,0米
5434221,9229991,张之洞纪念公园,3,1.9公里
5434221,15206247,冰雪奇园主题儿童游乐场,3,2.3公里
5434221,9081336,江城壹号文化创意园,3,2.4公里
5434221,8078095,古田四路地铁站,6,1.6公里
5434221,8078096,古田三路地铁站,6,1.7公里
5434221,8078094,汉西一路地铁站,6,2公里
5434221,8078097,古田二路地铁站,6,2.1公里
5434221,8078093,宗关地铁站,6,2.6公里
6206,5689312,武汉大学信息学部,3,1.1公里
6206,5690787,华中师范大学,3,1.2公里
6206,5789,宝通禅寺,3,1.3公里
6206,6222,珞珈山,3,1.4公里
6206,5688520,武汉大学-图书馆,3,1.9公里
6206,5688439,武汉大学工学部,3,1.9公里
6206,5812,武汉大学,3,2.1公里
6206,5778,武汉大学樱花节,3,2.5公里
6206,8078127,街道口地铁站,6,600米
6206,8078126,宝通寺地铁站,6,1.2公里
6206,8078128,广埠屯地铁站,6,1.4公里
6206,8078129,虎泉地铁站,6,2.3公里
6206,8078125,中南路地铁站,6,2.4公里
6206,8078144,梅苑小区地铁站,6,2.5公里
6206,8078124,洪山广场地铁站,6,2.9公里
35615,5682581,东湖牡丹园,3,300米
35615,6208,梨园风景区,3,500米
35615,31646,东湖海洋世界,3,500米
35615,5684044,湖北美术馆,3,1公里
35615,6221,湖北省博物馆,3,1.1公里
35615,3270405,武汉市东湖风景区,3,1.8公里
35615,5428428,武汉欢乐谷,3,2.2公里
35615,5774,东湖,3,2.4公里
35615,8078135,岳家嘴地铁站,6,1.3公里
35615,8078136,铁机路地铁站,6,1.5公里
35615,8078134,东亭地铁站,6,1.6公里
35615,8078133,青鱼嘴地铁站,6,2.1公里
35615,8078137,罗家港地铁站,6,2.4公里
35643,7392202,荷兰风情园,3,800米
35643,7047476,尖叫屋,3,1.9公里
35643,5693824,中南财经政法大学,3,2公里
35643,9320843,光谷多莫大教堂,3,2公里
35643,6930442,意大利风情街,3,2.3公里
35643,5694001,武汉经贸大学,3,2.4公里
35643,5785,华中科技大学,3,2.9公里
35643,8078131,光谷广场地铁站,6,2公里
35643,8078130,杨家湾地铁站,6,2.1公里
6243,6630969,吉庆街,3,200米
6243,35611,江汉路,3,500米
6243,35815,黎黄陂路街头博物馆,3,700米
6243,6630975,江汉关大楼,3,900米
6243,6218,中山公园,3,2.1公里
6243,35633,晴川桥,3,2.3公里
6243,3302431,武昌江滩,3,2.4公里
6243,5766,解放公园,3,2.8公里
6243,8078118,江汉路地铁站,6,400米
6243,8078067,循礼门地铁站,6,600米
6243,8078066,大智路地铁站,6,1公里
6243,8078086,友谊路地铁站,6,1.5公里
6243,8078117,中山公园地铁站,6,1.8公里
6243,8078064,三阳路地铁站,6,1.9公里
6243,8078087,利济北路地铁站,6,2.3公里
6243,8078116,青年路地铁站,6,2.7公里
35812,31630,晴川阁,3,100米
35812,5803,武汉长江大桥,3,1公里
35812,35620,汉阳造艺术区,3,1.7公里
35812,5426285,黄鹤楼,3,2.2公里
35812,6163,昙华林,3,2.3公里
35812,6630975,江汉关大楼,3,2.5公里
35812,5807,武昌起义军政府旧址,3,2.6公里
35812,5434154,归元寺,3,2.7公里
35812,8078119,积玉桥地铁站,6,2.3公里
35812,8078118,江汉路地铁站,6,2.7公里
35812,8078087,利济北路地铁站,6,2.7公里
35812,8078086,友谊路地铁站,6,2.7公里
35812,8078088,崇仁路地铁站,6,2.9公里
5789,6206,武汉理工大学,3,1.3公里
5789,6222,珞珈山,3,1.3公里
5789,5812,武汉大学,3,2公里
5789,7047467,武汉杜莎夫人蜡像馆,3,2.4公里
5789,5690787,华中师范大学,3,2.4公里
5789,6210,长春观,3,2.4公里
5789,3314976,汉街,3,2.8公里
5789,5778,武汉大学樱花节,3,3公里
5789,8078126,宝通寺地铁站,6,400米
5789,8078127,街道口地铁站,6,1.1公里
5789,8078125,中南路地铁站,6,1.2公里
5789,8078124,洪山广场地铁站,6,1.6公里
5789,8078144,梅苑小区地铁站,6,1.7公里
5789,8078128,广埠屯地铁站,6,2.2公里
5789,8078132,楚河汉街地铁站,6,2.4公里
5789,8078123,小龟山地铁站,6,2.5公里
31613,31630,晴川阁,3,100米
31613,5803,武汉长江大桥,3,800米
31613,35620,汉阳造艺术区,3,1.6公里
31613,5426285,黄鹤楼,3,2.1公里
31613,6163,昙华林,3,2.3公里
31613,5434154,归元寺,3,2.5公里
31613,5807,武昌起义军政府旧址,3,2.6公里
31613,6630975,江汉关大楼,3,2.7公里
31613,8078119,积玉桥地铁站,6,2.4公里
31613,8078087,利济北路地铁站,6,2.9公里
31613,8078118,江汉路地铁站,6,2.9公里
31613,8078086,友谊路地铁站,6,2.9公里
31613,8078088,崇仁路地铁站,6,3公里
195896,5811,磨山景区,3,500米
195896,35616,东湖樱花园,3,700米
195896,3313345,东湖楚城,3,1公里
195896,5773,梅园,3,1.1公里
195896,35617,楚天台,3,1.5公里
195896,5429419,武汉植物园,3,1.7公里
195896,5774,东湖,3,1.7公里
195896,3270405,武汉市东湖风景区,3,2.4公里
5766,5798,古德寺,3,1.4公里
5766,35815,黎黄陂路街头博物馆,3,2.2公里
5766,9926,武汉长江二桥,3,2.3公里
5766,9008233,黎黄陂路,3,2.4公里
5766,6239,宋庆龄旧居,3,2.5公里
5766,6630969,吉庆街,3,2.7公里
5766,6243,武汉美术馆,3,2.8公里
5766,35611,江汉路,3,3公里
5766,8078063,黄浦路地铁站,6,1公里
5766,8078064,三阳路地铁站,6,1.1公里
5766,8078061,头道街地铁站,6,1.8公里
5766,8078066,大智路地铁站,6,1.8公里
5766,8078059,二七路地铁站,6,2.8公里
5766,8078067,循礼门地铁站,6,2.9公里
7392100,35607,恐龙化石博物馆,3,100米
7392100,5427484,中国地质大学博物馆,3,300米
7392100,6930442,意大利风情街,3,1.3公里
7392100,5785,华中科技大学,3,1.6公里
7392100,9320843,光谷多莫大教堂,3,1.8公里
7392100,5773,梅园,3,2.6公里
7392100,7392202,荷兰风情园,3,2.7公里
7392100,5778,武汉大学樱花节,3,2.8公里
7392100,8078131,光谷广场地铁站,6,1.5公里
7392100,8078130,杨家湾地铁站,6,2.4公里
31646,6208,梨园风景区,3,100米
31646,5682581,东湖牡丹园,3,300米
31646,35615,落雁岛,3,500米
31646,5684044,湖北美术馆,3,1.5公里
31646,3270405,武汉市东湖风景区,3,1.5公里
31646,5428428,武汉欢乐谷,3,1.7公里
31646,6221,湖北省博物馆,3,1.7公里
31646,5774,东湖,3,2.5公里
31646,8078136,铁机路地铁站,6,1.4公里
31646,8078135,岳家嘴地铁站,6,1.4公里
31646,8078134,东亭地铁站,6,2公里
31646,8078137,罗家港地铁站,6,2公里
31646,8078133,青鱼嘴地铁站,6,2.6公里
31646,8078138,园林路地铁站,6,2.9公里
6210,3319445,湖北省美术馆,3,1.1公里
6210,5807,武昌起义军政府旧址,3,1.3公里
6210,35614,首义文化公园,3,1.4公里
6210,5426285,黄鹤楼,3,1.8公里
6210,6163,昙华林,3,1.8公里
6210,5789,宝通禅寺,3,2.4公里
6210,3314976,汉街,3,2.8公里
6210,7047467,武汉杜莎夫人蜡像馆,3,3公里
6210,8078146,武昌火车地铁站,6,1.1公里
6210,8078144,梅苑小区地铁站,6,1.2公里
6210,5688884,武昌火车站,6,1.3公里
6210,8078125,中南路地铁站,6,1.3公里
6210,8078123,小龟山地铁站,6,1.5公里
6210,8078121,螃蟹岬地铁站,6,1.5公里
6210,8078124,洪山广场地铁站,6,1.7公里
6210,8078126,宝通寺地铁站,6,2.3公里
6208,31646,东湖海洋世界,3,100米
6208,5682581,东湖牡丹园,3,200米
6208,35615,落雁岛,3,500米
6208,5684044,湖北美术馆,3,1.5公里
6208,6221,湖北省博物馆,3,1.6公里
6208,3270405,武汉市东湖风景区,3,1.6公里
6208,5428428,武汉欢乐谷,3,1.7公里
6208,5774,东湖,3,2.6公里
6208,8078136,铁机路地铁站,6,1.3公里
6208,8078135,岳家嘴地铁站,6,1.3公里
6208,8078134,东亭地铁站,6,1.9公里
6208,8078137,罗家港地铁站,6,2公里
6208,8078133,青鱼嘴地铁站,6,2.6公里
6208,8078138,园林路地铁站,6,2.9公里
6239,35815,黎黄陂路街头博物馆,3,500米
6239,6243,武汉美术馆,3,900米
6239,6630969,吉庆街,3,1公里
6239,6630975,江汉关大楼,3,1.2公里
6239,35611,江汉路,3,1.4公里
6239,3302431,武昌江滩,3,1.6公里
6239,9926,武汉长江二桥,3,2.8公里
6239,6218,中山公园,3,3公里
6239,8078066,大智路地铁站,6,1公里
6239,8078118,江汉路地铁站,6,1.2公里
6239,8078064,三阳路地铁站,6,1.4公里
6239,8078067,循礼门地铁站,6,1.5公里
6239,8078086,友谊路地铁站,6,2.4公里
6239,8078063,黄浦路地铁站,6,2.5公里
6239,8078117,中山公园地铁站,6,2.7公里
6239,8078119,积玉桥地铁站,6,2.9公里
3319445,6163,昙华林,3,900米
3319445,6210,长春观,3,1.1公里
3319445,5807,武昌起义军政府旧址,3,1.3公里
3319445,5426285,黄鹤楼,3,1.6公里
3319445,35614,首义文化公园,3,1.6公里
3319445,3314976,汉街,3,2.4公里
3319445,5803,武汉长江大桥,3,2.7公里
3319445,7047467,武汉杜莎夫人蜡像馆,3,2.8公里
3319445,8078121,螃蟹岬地铁站,6,400米
3319445,8078123,小龟山地铁站,6,1.1公里
3319445,8078119,积玉桥地铁站,6,1.5公里
3319445,8078124,洪山广场地铁站,6,1.9公里
3319445,8078125,中南路地铁站,6,2公里
3319445,8078146,武昌火车地铁站,6,2.2公里
3319445,8078144,梅苑小区地铁站,6,2.2公里
3319445,5688884,武昌火车站,6,2.3公里
35617,3313345,东湖楚城,3,600米
35617,5429419,武汉植物园,3,900米
35617,3312159,朱碑亭,3,1公里
35617,35616,东湖樱花园,3,1.3公里
35617,5811,磨山景区,3,1.5公里
35617,195896,东湖磨山,3,1.5公里
35617,3303334,武汉东湖风景区落雁景区,3,2.1公里
35617,5773,梅园,3,2.2公里
3473448,7047500,木兰山风景区,3,200米
3473448,5428597,知青岁月,3,2.7公里
3359887,7392780,琴台公园,3,1.4公里
3359887,5434154,归元寺,3,1.5公里
3359887,5805,古琴台,3,2公里
3359887,3298692,月湖公园,3,2.1公里
3359887,5687071,汉阳公园,3,2.4公里
3359887,35620,汉阳造艺术区,3,2.5公里
3359887,9229937,汉阳造广告创意园,3,2.5公里
3359887,3298701,汉江江滩,3,2.8公里
3451804,35703,九峰国家森林公园,3,1.4公里
3451804,5427233,武汉九峰森林动物园,3,1.8公里
9008233,35815,黎黄陂路街头博物馆,3,200米
9008233,6630969,吉庆街,3,800米
9008233,35611,江汉路,3,1.2公里
9008233,6630975,江汉关大楼,3,1.2公里
9008233,3302431,武昌江滩,3,1.9公里
9008233,6218,中山公园,3,2.8公里
9008233,9926,武汉长江二桥,3,2.9公里
9008233,35633,晴川桥,3,3公里
9008233,8078066,大智路地铁站,6,700米
9008233,8078118,江汉路地铁站,6,1.1公里
9008233,8078067,循礼门地铁站,6,1.3公里
9008233,8078064,三阳路地铁站,6,1.4公里
9008233,8078086,友谊路地铁站,6,2.2公里
9008233,8078063,黄浦路地铁站,6,2.4公里
9008233,8078117,中山公园地铁站,6,2.5公里
5433190,3486110,李家集镇,3,600米
7389666,35815,黎黄陂路街头博物馆,3,500米
7389666,6243,武汉美术馆,3,1公里
7389666,6630969,吉庆街,3,1.1公里
7389666,6630975,江汉关大楼,3,1.2公里
7389666,35611,江汉路,3,1.4公里
7389666,3302431,武昌江滩,3,1.6公里
7389666,5766,解放公园,3,2.5公里
7389666,9926,武汉长江二桥,3,2.8公里
7389666,8078066,大智路地铁站,6,1公里
7389666,8078118,江汉路地铁站,6,1.2公里
7389666,8078064,三阳路地铁站,6,1.4公里
7389666,8078067,循礼门地铁站,6,1.5公里
7389666,8078086,友谊路地铁站,6,2.4公里
7389666,8078063,黄浦路地铁站,6,2.5公里
7389666,8078117,中山公园地铁站,6,2.7公里
7389666,8078119,积玉桥地铁站,6,2.9公里
35625,17691331,中山舰博物馆,3,100米
35625,17792803,中山舰博物馆,3,100米
35625,17691328,中山舰博物馆,3,100米
35625,17792800,中山舰博物馆,3,100米
6952259,5803,武汉长江大桥,3,400米
6952259,5426285,黄鹤楼,3,900米
6952259,31630,晴川阁,3,1.2公里
6952259,35614,首义文化公园,3,1.4公里
6952259,5807,武昌起义军政府旧址,3,1.4公里
6952259,6163,昙华林,3,1.6公里
6952259,35620,汉阳造艺术区,3,2.6公里
6952259,5805,古琴台,3,3公里
6952259,8078119,积玉桥地铁站,6,2.2公里
6952259,8078121,螃蟹岬地铁站,6,2.4公里
6952259,8078146,武昌火车地铁站,6,2.9公里
5427233,35703,九峰国家森林公园,3,700米
5427233,3451804,辛亥革命纪念园,3,1.8公里
5614901,31630,晴川阁,3,800米
5614901,5803,武汉长江大桥,3,1.5公里
5614901,6630975,江汉关大楼,3,1.8公里
5614901,35620,汉阳造艺术区,3,2.1公里
5614901,6163,昙华林,3,2.3公里
5614901,35611,江汉路,3,2.4公里
5614901,5426285,黄鹤楼,3,2.4公里
5614901,5807,武昌起义军政府旧址,3,2.9公里
5614901,8078119,积玉桥地铁站,6,2公里
5614901,8078118,江汉路地铁站,6,2公里
5614901,8078086,友谊路地铁站,6,2.3公里
5614901,8078087,利济北路地铁站,6,2.4公里
5614901,8078067,循礼门地铁站,6,2.5公里
5614901,8078117,中山公园地铁站,6,2.6公里
5614901,8078088,崇仁路地铁站,6,2.8公里
6202,5426285,黄鹤楼,3,900米
6202,6163,昙华林,3,900米
6202,5803,武汉长江大桥,3,1公里
6202,5807,武昌起义军政府旧址,3,1.3公里
6202,35614,首义文化公园,3,1.4公里
6202,31630,晴川阁,3,1.4公里
6202,35633,晴川桥,3,2.1公里
6202,6630975,江汉关大楼,3,2.8公里
6202,8078119,积玉桥地铁站,6,1.4公里
6202,8078121,螃蟹岬地铁站,6,1.8公里
6202,8078146,武昌火车地铁站,6,2.9公里
6202,8078123,小龟山地铁站,6,2.9公里
7047484,5432655,武汉木兰清凉寨,3,2.6公里
6630971,6218,中山公园,3,500米
6630971,35611,江汉路,3,1.5公里
6630971,6630969,吉庆街,3,1.8公里
6630971,6243,武汉美术馆,3,2公里
6630971,35633,晴川桥,3,2.2公里
6630971,6630975,江汉关大楼,3,2.5公里
6630971,35815,黎黄陂路街头博物馆,3,2.5公里
6630971,6239,宋庆龄旧居,3,2.8公里
6630971,8078117,中山公园地铁站,6,200米
6630971,8078086,友谊路地铁站,6,600米
6630971,8078087,利济北路地铁站,6,600米
6630971,8078116,青年路地铁站,6,800米
6630971,8078067,循礼门地铁站,6,1.4公里
6630971,8078115,王家墩东地铁站,6,1.6公里
6630971,8078118,江汉路地铁站,6,1.9公里
6630971,8078066,大智路地铁站,6,2.5公里
35824,35614,首义文化公园,3,1公里
35824,5807,武昌起义军政府旧址,3,1.2公里
35824,5426285,黄鹤楼,3,1.4公里
35824,6210,长春观,3,1.8公里
35824,6952259,武汉长江大桥建成纪念碑,3,2公里
35824,6163,昙华林,3,2.4公里
35824,5803,武汉长江大桥,3,2.4公里
35824,3319445,湖北省美术馆,3,2.4公里
35824,8078146,武昌火车地铁站,6,1.2公里
35824,5688884,武昌火车站,6,1.4公里
35824,8078144,梅苑小区地铁站,6,2.2公里
35824,8078121,螃蟹岬地铁站,6,2.7公里
35824,8078125,中南路地铁站,6,2.9公里
3300122,5434154,归元寺,3,1.8公里
3300122,5803,武汉长江大桥,3,2.1公里
3300122,3303451,龟山,3,2.3公里
3300122,5805,古琴台,3,2.4公里
3300122,35620,汉阳造艺术区,3,2.4公里
3300122,31630,晴川阁,3,2.6公里
3300122,35812,铁门关,3,2.7公里
3300122,5426285,黄鹤楼,3,2.9公里
7047500,3473448,木兰山,3,200米
7047500,5428597,知青岁月,3,2.6公里
3319317,6210,长春观,3,700米
3319317,5807,武昌起义军政府旧址,3,700米
3319317,35614,首义文化公园,3,900米
3319317,3319445,湖北省美术馆,3,900米
3319317,5426285,黄鹤楼,3,1.1公里
3319317,6163,昙华林,3,1.3公里
3319317,6952259,武汉长江大桥建成纪念碑,3,2.1公里
3319317,5803,武汉长江大桥,3,2.5公里
3319317,8078121,螃蟹岬地铁站,6,1.3公里
3319317,8078146,武昌火车地铁站,6,1.3公里
3319317,5688884,武昌火车站,6,1.6公里
3319317,8078144,梅苑小区地铁站,6,1.7公里
3319317,8078123,小龟山地铁站,6,1.8公里
3319317,8078125,中南路地铁站,6,1.9公里
3319317,8078119,积玉桥地铁站,6,2.2公里
3319317,8078124,洪山广场地铁站,6,2.2公里
9320843,6930442,意大利风情街,3,500米
9320843,5785,华中科技大学,3,900米
9320843,7392202,荷兰风情园,3,1.3公里
9320843,5427484,中国地质大学博物馆,3,1.5公里
9320843,5427303,东湖小天池CS野战,3,1.6公里
9320843,7392100,中国地质大学,3,1.8公里
9320843,35607,恐龙化石博物馆,3,1.8公里
9320843,35643,中南民族大学,3,2公里
9320843,8078131,光谷广场地铁站,6,1公里
9320843,8078130,杨家湾地铁站,6,2.3公里
5432655,7047484,锦里沟,3,2.6公里
7392780,3298692,月湖公园,3,1.3公里
7392780,3359887,武汉动物园,3,1.4公里
7392780,5805,古琴台,3,1.6公里
7392780,5434154,归元寺,3,1.8公里
7392780,35620,汉阳造艺术区,3,2.1公里
7392780,9229937,汉阳造广告创意园,3,2.1公里
7392780,7392614,中山大道,3,2.3公里
7392780,3303451,龟山,3,2.9公里
7392780,8078090,硚口路地铁站,6,1.6公里
7392780,8078091,太平洋地铁站,6,2公里
7392780,8078088,崇仁路地铁站,6,2.4公里
5686674,6163,昙华林,3,900米
5686674,6210,长春观,3,1.2公里
5686674,5807,武昌起义军政府旧址,3,1.4公里
5686674,5426285,黄鹤楼,3,1.6公里
5686674,35614,首义文化公园,3,1.6公里
5686674,3314976,汉街,3,2.4公里
5686674,5803,武汉长江大桥,3,2.7公里
5686674,7047467,武汉杜莎夫人蜡像馆,3,2.8公里
5686674,8078121,螃蟹岬地铁站,6,400米
5686674,8078123,小龟山地铁站,6,1.1公里
5686674,8078119,积玉桥地铁站,6,1.5公里
5686674,8078124,洪山广场地铁站,6,1.9公里
5686674,8078125,中南路地铁站,6,2公里
5686674,8078146,武昌火车地铁站,6,2.2公里
5686674,8078144,梅苑小区地铁站,6,2.3公里
5686674,8078132,楚河汉街地铁站,6,2.3公里
5426656,16747657,花海乐园,3,600米
6630983,6163,昙华林,3,800米
6630983,5807,武昌起义军政府旧址,3,1.6公里
6630983,5426285,黄鹤楼,3,1.7公里
6630983,35614,首义文化公园,3,1.9公里
6630983,3314976,汉街,3,2.4公里
6630983,5803,武汉长江大桥,3,2.7公里
6630983,3302431,武昌江滩,3,2.9公里
6630983,7047467,武汉杜莎夫人蜡像馆,3,2.9公里
6630983,8078121,螃蟹岬地铁站,6,200米
6630983,8078119,积玉桥地铁站,6,1.1公里
6630983,8078123,小龟山地铁站,6,1.3公里
6630983,8078124,洪山广场地铁站,6,2.2公里
6630983,8078132,楚河汉街地铁站,6,2.4公里
6630983,8078125,中南路地铁站,6,2.5公里
6630983,8078146,武昌火车地铁站,6,2.7公里
6630983,8078144,梅苑小区地铁站,6,2.8公里
5689312,6222,珞珈山,3,500米
5689312,5688520,武汉大学-图书馆,3,900米
5689312,5812,武汉大学,3,1公里
5689312,6206,武汉理工大学,3,1.1公里
5689312,5690787,华中师范大学,3,1.2公里
5689312,5688439,武汉大学工学部,3,1.3公里
5689312,5778,武汉大学樱花节,3,1.5公里
5689312,5789,宝通禅寺,3,1.6公里
5689312,8078127,街道口地铁站,6,600米
5689312,8078128,广埠屯地铁站,6,700米
5689312,8078126,宝通寺地铁站,6,1.8公里
5689312,8078129,虎泉地铁站,6,2.1公里
5689312,8078125,中南路地铁站,6,2.8公里
5689312,8078124,洪山广场地铁站,6,2.9公里
35626,35824,紫阳公园,3,800米
35626,35614,首义文化公园,3,1.7公里
35626,5807,武昌起义军政府旧址,3,1.9公里
35626,6210,长春观,3,2公里
35626,5426285,黄鹤楼,3,2.2公里
35626,6952259,武汉长江大桥建成纪念碑,3,2.8公里
35626,3319445,湖北省美术馆,3,2.8公里
35626,6163,昙华林,3,3公里
35626,8078146,武昌火车地铁站,6,900米
35626,5688884,武昌火车站,6,1公里
35626,8078144,梅苑小区地铁站,6,1.9公里
35626,8078125,中南路地铁站,6,2.8公里
35703,5427233,武汉九峰森林动物园,3,700米
35703,3451804,辛亥革命纪念园,3,1.4公里
31569,17792905,汤逊湖,3,200米
31569,17691430,汤逊湖,3,200米
31569,17792959,庙山美食一条街,3,2.3公里
31569,17691484,庙山美食一条街,3,2.3公里
31569,17792842,武汉医药产业园,3,2.4公里
31569,17691367,武汉医药产业园,3,2.4公里
31569,17691445,长岛,3,2.6公里
31569,17792920,长岛,3,2.6公里
5434209,5434221,首义广场,3,0米
5434209,9229991,张之洞纪念公园,3,1.9公里
5434209,15206247,冰雪奇园主题儿童游乐场,3,2.3公里
5434209,9081336,江城壹号文化创意园,3,2.4公里
5434209,8078095,古田四路地铁站,6,1.6公里
5434209,8078096,古田三路地铁站,6,1.7公里
5434209,8078094,汉西一路地铁站,6,2公里
5434209,8078097,古田二路地铁站,6,2.1公里
5434209,8078093,宗关地铁站,6,2.6公里
7392614,35620,汉阳造艺术区,3,1.6公里
7392614,35633,晴川桥,3,1.7公里
7392614,5805,古琴台,3,1.8公里
7392614,3303451,龟山,3,1.9公里
7392614,6218,中山公园,3,2公里
7392614,31630,晴川阁,3,2.4公里
7392614,5434154,归元寺,3,2.7公里
7392614,35611,江汉路,3,2.7公里
7392614,8078088,崇仁路地铁站,6,600米
7392614,8078087,利济北路地铁站,6,1公里
7392614,8078090,硚口路地铁站,6,1.5公里
7392614,8078117,中山公园地铁站,6,1.7公里
7392614,8078086,友谊路地铁站,6,1.8公里
7392614,8078116,青年路地铁站,6,1.8公里
7392614,8078091,太平洋地铁站,6,2.5公里
7392614,8078067,循礼门地铁站,6,2.7公里
6630970,6630975,江汉关大楼,3,100米
6630970,6630969,吉庆街,3,1.3公里
6630970,35611,江汉路,3,1.3公里
6630970,35815,黎黄陂路街头博物馆,3,1.5公里
6630970,3302431,武昌江滩,3,1.9公里
6630970,31630,晴川阁,3,2.5公里
6630970,6163,昙华林,3,2.7公里
6630970,6218,中山公园,3,2.9公里
6630970,8078118,江汉路地铁站,6,800米
6630970,8078067,循礼门地铁站,6,1.5公里
6630970,8078119,积玉桥地铁站,6,1.9公里
6630970,8078086,友谊路地铁站,6,2公里
6630970,8078066,大智路地铁站,6,2公里
6630970,8078117,中山公园地铁站,6,2.4公里
6630970,8078087,利济北路地铁站,6,2.7公里
6630970,8078064,三阳路地铁站,6,2.7公里
5682581,6208,梨园风景区,3,200米
5682581,31646,东湖海洋世界,3,300米
5682581,35615,落雁岛,3,300米
5682581,5684044,湖北美术馆,3,1.3公里
5682581,6221,湖北省博物馆,3,1.5公里
5682581,3270405,武汉市东湖风景区,3,1.8公里
5682581,5428428,武汉欢乐谷,3,1.9公里
5682581,5774,东湖,3,2.6公里
5682581,8078135,岳家嘴地铁站,6,1.2公里
5682581,8078136,铁机路地铁站,6,1.3公里
5682581,8078134,东亭地铁站,6,1.7公里
5682581,8078137,罗家港地铁站,6,2公里
5682581,8078133,青鱼嘴地铁站,6,2.3公里
5693824,5694010,湖北公共关系职业培训学院,3,1.6公里
5693824,17792986,儿童成长主题乐园,3,1.6公里
5693824,17691511,儿童成长主题乐园,3,1.6公里
5693824,5693997,基督教福音堂,3,1.9公里
9229937,35620,汉阳造艺术区,3,0米
9229937,5805,古琴台,3,500米
9229937,3303451,龟山,3,800米
9229937,5434154,归元寺,3,1.3公里
9229937,31630,晴川阁,3,1.6公里
9229937,35812,铁门关,3,1.7公里
9229937,35633,晴川桥,3,1.8公里
9229937,5803,武汉长江大桥,3,2.2公里
9229937,8078088,崇仁路地铁站,6,2.1公里
9229937,8078087,利济北路地铁站,6,2.5公里
9229937,8078090,硚口路地铁站,6,2.5公里
5688520,5812,武汉大学,3,200米
5688520,6222,珞珈山,3,500米
5688520,5778,武汉大学樱花节,3,1.5公里
5688520,5789,宝通禅寺,3,1.8公里
5688520,6206,武汉理工大学,3,1.9公里
5688520,5690787,华中师范大学,3,2公里
5688520,7047467,武汉杜莎夫人蜡像馆,3,2.5公里
5688520,6221,湖北省博物馆,3,2.9公里
5688520,8078127,街道口地铁站,6,1.3公里
5688520,8078128,广埠屯地铁站,6,1.5公里
5688520,8078126,宝通寺地铁站,6,2.1公里
5688520,8078124,洪山广场地铁站,6,2.7公里
5688520,8078129,虎泉地铁站,6,2.7公里
5688520,8078125,中南路地铁站,6,2.8公里
5688520,8078132,楚河汉街地铁站,6,2.8公里
5422579,31630,晴川阁,3,400米
5422579,5803,武汉长江大桥,3,1.1公里
5422579,35620,汉阳造艺术区,3,1.2公里
5422579,5434154,归元寺,3,2.2公里
5422579,5426285,黄鹤楼,3,2.4公里
5422579,6163,昙华林,3,2.7公里
5422579,6630975,江汉关大楼,3,2.8公里
5422579,5807,武昌起义军政府旧址,3,2.9公里
5422579,8078087,利济北路地铁站,6,2.6公里
5422579,8078088,崇仁路地铁站,6,2.7公里
5422579,8078119,积玉桥地铁站,6,2.8公里
5422579,8078086,友谊路地铁站,6,2.8公里
5422579,8078118,江汉路地铁站,6,2.9公里
5687909,35614,首义文化公园,3,900米
5687909,5426285,黄鹤楼,3,1公里
5687909,5807,武昌起义军政府旧址,3,1.1公里
5687909,5803,武汉长江大桥,3,1.3公里
5687909,6163,昙华林,3,2公里
5687909,31630,晴川阁,3,2.2公里
5687909,35812,铁门关,3,2.3公里
5687909,3303451,龟山,3,2.6公里
5687909,8078146,武昌火车地铁站,6,2.1公里
5687909,5688884,武昌火车站,6,2.4公里
5687909,8078121,螃蟹岬地铁站,6,2.7公里
5687909,8078119,积玉桥地铁站,6,2.9公里
3322209,3331179,中国武钢博物馆,3,1公里
3322209,7643206,北洋桥,3,2.7公里
31643,6163,昙华林,3,800米
31643,5426285,黄鹤楼,3,1公里
31643,5803,武汉长江大桥,3,1.2公里
31643,5807,武昌起义军政府旧址,3,1.4公里
31643,31630,晴川阁,3,1.5公里
31643,35614,首义文化公园,3,1.5公里
31643,35633,晴川桥,3,2.1公里
31643,6630975,江汉关大楼,3,2.6公里
31643,8078119,积玉桥地铁站,6,1.2公里
31643,8078121,螃蟹岬地铁站,6,1.7公里
31643,8078123,小龟山地铁站,6,2.8公里
31643,8078146,武昌火车地铁站,6,3公里
6244,31630,晴川阁,3,200米
6244,5803,武汉长江大桥,3,1.1公里
6244,5426285,黄鹤楼,3,2.3公里
6244,6163,昙华林,3,2.4公里
6244,6630975,江汉关大楼,3,2.5公里
6244,5434154,归元寺,3,2.6公里
6244,5807,武昌起义军政府旧址,3,2.7公里
6244,35611,江汉路,3,3公里
6244,8078119,积玉桥地铁站,6,2.4公里
6244,8078087,利济北路地铁站,6,2.6公里
6244,8078118,江汉路地铁站,6,2.6公里
6244,8078086,友谊路地铁站,6,2.7公里
6244,8078088,崇仁路地铁站,6,2.8公里
6244,8078117,中山公园地铁站,6,2.9公里
35627,17691388,灵泉寺,3,100米
35627,17792863,灵泉寺,3,100米
35627,17691424,龙泉山风景区,3,300米
35627,17792899,龙泉山风景区,3,300米
35627,17691499,昭王寝,3,400米
35627,17792830,云旗龙泉山生态园,3,500米
35627,17691355,云旗龙泉山生态园,3,500米
35627,17792932,龙泉山,3,500米
31642,5426285,黄鹤楼,3,800米
31642,6163,昙华林,3,900米
31642,5803,武汉长江大桥,3,1公里
31642,5807,武昌起义军政府旧址,3,1.2公里
31642,35614,首义文化公园,3,1.3公里
31642,31630,晴川阁,3,1.5公里
31642,35633,晴川桥,3,2.2公里
31642,6630975,江汉关大楼,3,2.8公里
31642,8078119,积玉桥地铁站,6,1.5公里
31642,8078121,螃蟹岬地铁站,6,1.8公里
31642,8078146,武昌火车地铁站,6,2.8公里
31642,8078123,小龟山地铁站,6,2.9公里
5686670,6163,昙华林,3,600米
5686670,5807,武昌起义军政府旧址,3,1.2公里
5686670,5426285,黄鹤楼,3,1.3公里
5686670,35614,首义文化公园,3,1.4公里
5686670,5803,武汉长江大桥,3,2.4公里
5686670,3314976,汉街,3,2.7公里
5686670,31630,晴川阁,3,2.9公里
5686670,35812,铁门关,3,2.9公里
5686670,8078121,螃蟹岬地铁站,6,500米
5686670,8078119,积玉桥地铁站,6,1.3公里
5686670,8078123,小龟山地铁站,6,1.4公里
5686670,8078124,洪山广场地铁站,6,2.2公里
5686670,8078146,武昌火车地铁站,6,2.2公里
5686670,8078125,中南路地铁站,6,2.3公里
5686670,5688884,武昌火车站,6,2.4公里
5686670,8078144,梅苑小区地铁站,6,2.4公里
5688439,6222,珞珈山,3,800米
5688439,5812,武汉大学,3,1公里
5688439,7047467,武汉杜莎夫人蜡像馆,3,1.8公里
5688439,5778,武汉大学樱花节,3,2.3公里
5688439,3314976,汉街,3,2.4公里
5688439,5690787,华中师范大学,3,2.5公里
5688439,6221,湖北省博物馆,3,2.7公里
5688439,5684044,湖北美术馆,3,2.9公里
5688439,8078127,街道口地铁站,6,1.4公里
5688439,8078126,宝通寺地铁站,6,1.6公里
5688439,8078124,洪山广场地铁站,6,1.9公里
5688439,8078128,广埠屯地铁站,6,2公里
5688439,8078132,楚河汉街地铁站,6,2.1公里
5688439,8078125,中南路地铁站,6,2.1公里
5688439,8078123,小龟山地铁站,6,2.8公里
5688439,8078133,青鱼嘴地铁站,6,2.8公里
6156,35815,黎黄陂路街头博物馆,3,900米
6156,3302431,武昌江滩,3,1.5公里
6156,6243,武汉美术馆,3,1.5公里
6156,6630969,吉庆街,3,1.6公里
6156,6630975,江汉关大楼,3,1.8公里
6156,35611,江汉路,3,1.9公里
6156,9926,武汉长江二桥,3,2.2公里
6156,5766,解放公园,3,2.3公里
6156,8078064,三阳路地铁站,6,1.2公里
6156,8078066,大智路地铁站,6,1.2公里
6156,8078118,江汉路地铁站,6,1.8公里
6156,8078063,黄浦路地铁站,6,2公里
6156,8078067,循礼门地铁站,6,2公里
6156,8078086,友谊路地铁站,6,2.9公里
5685252,31630,晴川阁,3,400米
5685252,5803,武汉长江大桥,3,800米
5685252,35620,汉阳造艺术区,3,1.5公里
5685252,5805,古琴台,3,1.9公里
5685252,5426285,黄鹤楼,3,2.1公里
5685252,5434154,归元寺,3,2.3公里
5685252,6163,昙华林,3,2.5公里
5685252,5807,武昌起义军政府旧址,3,2.6公里
5685252,8078119,积玉桥地铁站,6,2.7公里
8598127,35815,黎黄陂路街头博物馆,3,500米
8598127,6243,武汉美术馆,3,900米
8598127,6630969,吉庆街,3,1.1公里
8598127,6630975,江汉关大楼,3,1.2公里
8598127,35611,江汉路,3,1.4公里
8598127,3302431,武昌江滩,3,1.6公里
8598127,5766,解放公园,3,2.5公里
8598127,9926,武汉长江二桥,3,2.8公里
8598127,8078066,大智路地铁站,6,1公里
8598127,8078118,江汉路地铁站,6,1.2公里
8598127,8078064,三阳路地铁站,6,1.4公里
8598127,8078067,循礼门地铁站,6,1.5公里
8598127,8078086,友谊路地铁站,6,2.4公里
8598127,8078063,黄浦路地铁站,6,2.5公里
8598127,8078117,中山公园地铁站,6,2.7公里
8598127,8078119,积玉桥地铁站,6,2.9公里
3314513,35815,黎黄陂路街头博物馆,3,600米
3314513,6630969,吉庆街,3,1.1公里
3314513,35611,江汉路,3,1.4公里
3314513,6630975,江汉关大楼,3,2公里
3314513,3302431,武昌江滩,3,2.5公里
3314513,6218,中山公园,3,2.7公里
3314513,9926,武汉长江二桥,3,2.7公里
3314513,5798,古德寺,3,2.9公里
3314513,8078066,大智路地铁站,6,200米
3314513,8078064,三阳路地铁站,6,700米
3314513,8078067,循礼门地铁站,6,1.4公里
3314513,8078118,江汉路地铁站,6,1.6公里
3314513,8078063,黄浦路地铁站,6,1.9公里
3314513,8078086,友谊路地铁站,6,2.3公里
3314513,8078117,中山公园地铁站,6,2.5公里
3298692,5805,古琴台,3,500米
3298692,35620,汉阳造艺术区,3,800米
3298692,5434154,归元寺,3,1.3公里
3298692,3303451,龟山,3,1.6公里
3298692,35633,晴川桥,3,2.3公里
3298692,31630,晴川阁,3,2.4公里
3298692,35812,铁门关,3,2.4公里
3298692,5803,武汉长江大桥,3,2.9公里
3298692,8078090,硚口路地铁站,6,1.8公里
3298692,8078088,崇仁路地铁站,6,1.8公里
3298692,8078087,利济北路地铁站,6,2.4公里
3298692,8078091,太平洋地铁站,6,2.6公里
5427484,5427303,东湖小天池CS野战,3,0米
5427484,7392100,中国地质大学,3,300米
5427484,35607,恐龙化石博物馆,3,300米
5427484,6930442,意大利风情街,3,1公里
5427484,5785,华中科技大学,3,1.4公里
5427484,9320843,光谷多莫大教堂,3,1.5公里
5427484,7392202,荷兰风情园,3,2.4公里
5427484,5773,梅园,3,2.9公里
5427484,8078131,光谷广场地铁站,6,1.2公里
5427484,8078130,杨家湾地铁站,6,2.2公里
6720615,3314976,汉街,3,1.1公里
6720615,7047467,武汉杜莎夫人蜡像馆,3,1.6公里
6720615,6163,昙华林,3,2.1公里
6720615,5807,武昌起义军政府旧址,3,2.7公里
6720615,3302431,武昌江滩,3,2.9公里
6720615,5426285,黄鹤楼,3,2.9公里
6720615,35614,首义文化公园,3,3公里
6720615,5789,宝通禅寺,3,3公里
6720615,8078123,小龟山地铁站,6,600米
6720615,8078132,楚河汉街地铁站,6,1.1公里
6720615,8078121,螃蟹岬地铁站,6,1.2公里
6720615,8078124,洪山广场地铁站,6,1.4公里
6720615,8078125,中南路地铁站,6,2.1公里
6720615,8078119,积玉桥地铁站,6,2.1公里
6720615,8078133,青鱼嘴地铁站,6,2.2公里
6720615,8078144,梅苑小区地铁站,6,2.8公里
3298701,35620,汉阳造艺术区,3,1.1公里
3298701,5805,古琴台,3,1.2公里
3298701,3303451,龟山,3,1.6公里
3298701,35633,晴川桥,3,2公里
3298701,5434154,归元寺,3,2.1公里
3298701,35812,铁门关,3,2.3公里
3298701,31630,晴川阁,3,2.3公里
3298701,6218,中山公园,3,2.6公里
3298701,8078088,崇仁路地铁站,6,1.1公里
3298701,8078090,硚口路地铁站,6,1.5公里
3298701,8078087,利济北路地铁站,6,1.7公里
3298701,8078117,中山公园地铁站,6,2.4公里
3298701,8078116,青年路地铁站,6,2.4公里
3298701,8078091,太平洋地铁站,6,2.4公里
3298701,8078086,友谊路地铁站,6,2.4公里
6630972,5426285,黄鹤楼,3,800米
6630972,6163,昙华林,3,900米
6630972,5803,武汉长江大桥,3,1公里
6630972,5807,武昌起义军政府旧址,3,1.2公里
6630972,35614,首义文化公园,3,1.3公里
6630972,31630,晴川阁,3,1.5公里
6630972,35633,晴川桥,3,2.2公里
6630972,6630975,江汉关大楼,3,2.8公里
6630972,8078119,积玉桥地铁站,6,1.4公里
6630972,8078121,螃蟹岬地铁站,6,1.8公里
6630972,8078146,武昌火车地铁站,6,2.8公里
6630972,8078123,小龟山地铁站,6,2.8公里
3316516,5426285,黄鹤楼,3,100米
3316516,5807,武昌起义军政府旧址,3,400米
3316516,35614,首义文化公园,3,500米
3316516,6163,昙华林,3,1公里
3316516,5803,武汉长江大桥,3,1.4公里
3316516,31630,晴川阁,3,2.1公里
3316516,3303451,龟山,3,2.8公里
3316516,35633,晴川桥,3,3公里
3316516,8078121,螃蟹岬地铁站,6,1.7公里
3316516,8078119,积玉桥地铁站,6,1.9公里
3316516,8078146,武昌火车地铁站,6,2公里
3316516,5688884,武昌火车站,6,2.3公里
3316516,8078123,小龟山地铁站,6,2.6公里
3316516,8078144,梅苑小区地铁站,6,2.7公里
3316516,8078125,中南路地铁站,6,3公里
35630,17360776,汉绣博物馆,3,2.7公里
31644,6630975,江汉关大楼,3,1.3公里
31644,31630,晴川阁,3,1.3公里
31644,5803,武汉长江大桥,3,2公里
31644,35611,江汉路,3,2公里
31644,6163,昙华林,3,2.2公里
31644,35620,汉阳造艺术区,3,2.6公里
31644,5426285,黄鹤楼,3,2.6公里
31644,3302431,武昌江滩,3,2.9公里
31644,8078118,江汉路地铁站,6,1.5公里
31644,8078119,积玉桥地铁站,6,1.7公里
31644,8078086,友谊路地铁站,6,2.1公里
31644,8078067,循礼门地铁站,6,2.2公里
31644,8078087,利济北路地铁站,6,2.4公里
31644,8078117,中山公园地铁站,6,2.4公里
31644,8078121,螃蟹岬地铁站,6,2.9公里
31644,8078088,崇仁路地铁站,6,2.9公里
6199,7643206,北洋桥,3,1.2公里
6199,5428428,武汉欢乐谷,3,2.8公里
6199,3331179,中国武钢博物馆,3,2.8公里
6199,6003460,武汉科技大学城市学院,3,3公里
6199,8078140,工业四路地铁站,6,500米
6199,8078141,杨春湖地铁站,6,1.1公里
6199,8078139,仁和路地铁站,6,1.4公里
6199,6936813,武汉火车站,6,2公里
6199,8078143,武汉火车地铁站,6,2.2公里
6199,8078138,园林路地铁站,6,2.6公里
6630973,35611,江汉路,3,1.1公里
6630973,6218,中山公园,3,1.1公里
6630973,6630969,吉庆街,3,1.4公里
6630973,35633,晴川桥,3,1.6公里
6630973,6630975,江汉关大楼,3,1.9公里
6630973,35815,黎黄陂路街头博物馆,3,2.2公里
6630973,31630,晴川阁,3,2.6公里
6630973,35620,汉阳造艺术区,3,2.8公里
6630973,8078086,友谊路地铁站,6,200米
6630973,8078117,中山公园地铁站,6,600米
6630973,8078087,利济北路地铁站,6,800米
6630973,8078067,循礼门地铁站,6,1.1公里
6630973,8078118,江汉路地铁站,6,1.3公里
6630973,8078116,青年路地铁站,6,1.5公里
6630973,8078088,崇仁路地铁站,6,1.6公里
6630973,8078115,王家墩东地铁站,6,2.2公里
7386714,5426285,黄鹤楼,3,0米
7386714,5807,武昌起义军政府旧址,3,500米
7386714,35614,首义文化公园,3,500米
7386714,6163,昙华林,3,1公里
7386714,5803,武汉长江大桥,3,1.4公里
7386714,31630,晴川阁,3,2.1公里
7386714,3303451,龟山,3,2.8公里
7386714,35633,晴川桥,3,2.9公里
7386714,8078121,螃蟹岬地铁站,6,1.7公里
7386714,8078119,积玉桥地铁站,6,1.9公里
7386714,8078146,武昌火车地铁站,6,2公里
7386714,5688884,武昌火车站,6,2.3公里
7386714,8078123,小龟山地铁站,6,2.6公里
7386714,8078144,梅苑小区地铁站,6,2.7公里
5768,5766,解放公园,3,600米
5768,5798,古德寺,3,1.3公里
5768,9926,武汉长江二桥,3,1.7公里
5768,35815,黎黄陂路街头博物馆,3,2.1公里
5768,6239,宋庆龄旧居,3,2.3公里
5768,6630969,吉庆街,3,2.7公里
5768,6243,武汉美术馆,3,2.8公里
5768,6153,汉口江滩,3,2.8公里
5768,8078063,黄浦路地铁站,6,400米
5768,8078064,三阳路地铁站,6,900米
5768,8078061,头道街地铁站,6,1.5公里
5768,8078066,大智路地铁站,6,1.8公里
5768,8078059,二七路地铁站,6,2.6公里
5768,8078067,循礼门地铁站,6,3公里
31583,35611,江汉路,3,1.1公里
31583,6630975,江汉关大楼,3,1.3公里
31583,6630969,吉庆街,3,1.4公里
31583,6218,中山公园,3,1.8公里
31583,35815,黎黄陂路街头博物馆,3,2.1公里
31583,31630,晴川阁,3,2.1公里
31583,35620,汉阳造艺术区,3,2.7公里
31583,5803,武汉长江大桥,3,3公里
31583,8078086,友谊路地铁站,6,900米
31583,8078118,江汉路地铁站,6,1公里
31583,8078067,循礼门地铁站,6,1.2公里
31583,8078117,中山公园地铁站,6,1.2公里
31583,8078087,利济北路地铁站,6,1.4公里
31583,8078088,崇仁路地铁站,6,2.1公里
31583,8078116,青年路地铁站,6,2.2公里
31583,8078066,大智路地铁站,6,2.3公里
7392202,35643,中南民族大学,3,800米
7392202,9320843,光谷多莫大教堂,3,1.3公里
7392202,6930442,意大利风情街,3,1.5公里
7392202,5785,华中科技大学,3,2.2公里
7392202,5427484,中国地质大学博物馆,3,2.4公里
7392202,35607,恐龙化石博物馆,3,2.7公里
7392202,7392100,中国地质大学,3,2.7公里
7392202,5693824,中南财经政法大学,3,2.7公里
7392202,8078131,光谷广场地铁站,6,1.3公里
7392202,8078130,杨家湾地铁站,6,1.9公里
3311487,6218,中山公园,3,1公里
3311487,6630971,汉口中山公园,3,1.5公里
3311487,5434197,武汉市博物馆,3,2.1公里
3311487,35611,江汉路,3,2.2公里
3311487,6630969,吉庆街,3,2.4公里
3311487,6243,武汉美术馆,3,2.6公里
3311487,35815,黎黄陂路街头博物馆,3,2.9公里
3311487,7392614,中山大道,3,2.9公里
3311487,8078115,王家墩东地铁站,6,600米
3311487,8078116,青年路地铁站,6,1.2公里
3311487,8078112,范湖地铁站,6,1.4公里
3311487,8078117,中山公园地铁站,6,1.5公里
3311487,8078086,友谊路地铁站,6,1.9公里
3311487,8078087,利济北路地铁站,6,2公里
3311487,8078067,循礼门地铁站,6,2公里
3311487,8078066,大智路地铁站,6,2.5公里
5688581,5812,武汉大学,3,1.1公里
5688581,5778,武汉大学樱花节,3,1.4公里
5688581,6222,珞珈山,3,1.8公里
5688581,5774,东湖,3,1.9公里
5688581,6221,湖北省博物馆,3,2.4公里
5688581,5773,梅园,3,2.5公里
5688581,5690787,华中师范大学,3,2.8公里
5688581,7047467,武汉杜莎夫人蜡像馆,3,3公里
5688581,8078128,广埠屯地铁站,6,2.2公里
5688581,8078127,街道口地铁站,6,2.5公里
3303334,35617,楚天台,3,2.1公里
3303334,3313345,东湖楚城,3,2.4公里
3303334,5429419,武汉植物园,3,2.8公里
3303334,3312159,朱碑亭,3,2.9公里
3303334,35622,桂园,3,3公里
9081336,5681840,丰顺路天顺园小区,3,1.8公里
9081336,5434221,首义广场,3,2.4公里
9081336,5434209,琴台大剧院,3,2.4公里
9081336,5681691,常青公园,3,2.8公里
9081336,17793013,武汉园博园,3,2.8公里
9081336,17691538,武汉园博园,3,2.8公里
9081336,8078096,古田三路地铁站,6,1公里
9081336,8078095,古田四路地铁站,6,1公里
9081336,8078094,汉西一路地铁站,6,1.5公里
9081336,8078097,古田二路地铁站,6,1.6公里
9081336,8078093,宗关地铁站,6,2.3公里
35639,6630969,吉庆街,3,100米
35639,35611,江汉路,3,200米
35639,6243,武汉美术馆,3,300米
35639,35815,黎黄陂路街头博物馆,3,900米
35639,6630975,江汉关大楼,3,1.2公里
35639,6218,中山公园,3,1.8公里
35639,35633,晴川桥,3,2.3公里
35639,3302431,武昌江滩,3,2.7公里
35639,8078067,循礼门地铁站,6,300米
35639,8078118,江汉路地铁站,6,600米
35639,8078066,大智路地铁站,6,1公里
35639,8078086,友谊路地铁站,6,1.2公里
35639,8078117,中山公园地铁站,6,1.5公里
35639,8078064,三阳路地铁站,6,2公里
35639,8078087,利济北路地铁站,6,2.1公里
35639,8078116,青年路地铁站,6,2.4公里
5503885,17691481,江夏商业街,3,1.9公里
5503885,17792956,江夏商业街,3,1.9公里
5503885,17792872,观音寺,3,2公里
5503885,17691397,观音寺,3,2公里
5503885,17792908,慕尚庄园,3,2.8公里
5503885,17691433,慕尚庄园,3,2.8公里
7392748,5427599,武汉三尤酒瓶博物馆,3,800米
7392748,7690291,武汉花世界,3,2.4公里
7392748,17793004,聚文斋书画装裱美术工作室,3,2.6公里
7392748,17691529,聚文斋书画装裱美术工作室,3,2.6公里
7392748,17793007,一飞书画苑,3,2.9公里
7392748,17691532,一飞书画苑,3,2.9公里
7392748,17792998,东西湖科技馆,3,3公里
7392748,17691523,东西湖科技馆,3,3公里
7392748,8078102,五环大道地铁站,6,2.3公里
7392748,8078105,东吴大道地铁站,6,2.4公里
7687622,17792938,金地·褐石庄园,3,1公里
7687622,17691463,金地·褐石庄园,3,1公里
7687622,17792965,凤凰步行街,3,2.6公里
7687622,17691490,凤凰步行街,3,2.6公里
7687622,5430559,武当峡谷漂流景区,3,3公里
35813,31630,晴川阁,3,100米
35813,5803,武汉长江大桥,3,800米
35813,35620,汉阳造艺术区,3,1.6公里
35813,5426285,黄鹤楼,3,2公里
35813,6163,昙华林,3,2.2公里
35813,5807,武昌起义军政府旧址,3,2.5公里
35813,5434154,归元寺,3,2.6公里
35813,6630975,江汉关大楼,3,2.7公里
35813,8078119,积玉桥地铁站,6,2.4公里
35813,8078118,江汉路地铁站,6,2.9公里
35813,8078087,利济北路地铁站,6,2.9公里
6630979,35815,黎黄陂路街头博物馆,3,300米
6630979,6630969,吉庆街,3,800米
6630979,6630975,江汉关大楼,3,1.2公里
6630979,35611,江汉路,3,1.2公里
6630979,3302431,武昌江滩,3,1.8公里
6630979,6218,中山公园,3,2.8公里
6630979,35633,晴川桥,3,2.9公里
6630979,9926,武汉长江二桥,3,2.9公里
6630979,8078066,大智路地铁站,6,800米
6630979,8078118,江汉路地铁站,6,1公里
6630979,8078067,循礼门地铁站,6,1.3公里
6630979,8078064,三阳路地铁站,6,1.4公里
6630979,8078086,友谊路地铁站,6,2.2公里
6630979,8078117,中山公园地铁站,6,2.5公里
6630979,8078063,黄浦路地铁站,6,2.5公里
6630979,8078119,积玉桥地铁站,6,2.9公里
6630981,5680374,湖北大学,3,2公里
6630981,5682581,东湖牡丹园,3,2.3公里
6630981,35615,落雁岛,3,2.4公里
6630981,6208,梨园风景区,3,2.4公里
6630981,5684044,湖北美术馆,3,2.5公里
6630981,31646,东湖海洋世界,3,2.5公里
6630981,6630987,屈原纪念馆,3,2.5公里
6630981,6221,湖北省博物馆,3,2.8公里
6630981,8078135,岳家嘴地铁站,6,1.2公里
6630981,8078136,铁机路地铁站,6,1.4公里
6630981,8078134,东亭地铁站,6,1.5公里
6630981,8078137,罗家港地铁站,6,2公里
6630981,8078133,青鱼嘴地铁站,6,2.1公里
6630981,8078138,园林路地铁站,6,2.9公里
6224,6163,昙华林,3,900米
6224,6210,长春观,3,1.2公里
6224,5807,武昌起义军政府旧址,3,1.4公里
6224,5426285,黄鹤楼,3,1.6公里
6224,35614,首义文化公园,3,1.6公里
6224,3314976,汉街,3,2.4公里
6224,5803,武汉长江大桥,3,2.7公里
6224,7047467,武汉杜莎夫人蜡像馆,3,2.8公里
6224,8078121,螃蟹岬地铁站,6,300米
6224,8078123,小龟山地铁站,6,1.2公里
6224,8078119,积玉桥地铁站,6,1.4公里
6224,8078124,洪山广场地铁站,6,2公里
6224,8078125,中南路地铁站,6,2.1公里
6224,8078146,武昌火车地铁站,6,2.3公里
6224,8078132,楚河汉街地铁站,6,2.4公里
6224,8078144,梅苑小区地铁站,6,2.4公里
3313345,35617,楚天台,3,600米
3313345,195896,东湖磨山,3,1公里
3313345,35616,东湖樱花园,3,1.1公里
3313345,5811,磨山景区,3,1.2公里
3313345,5429419,武汉植物园,3,1.2公里
3313345,5773,梅园,3,1.9公里
3313345,5774,东湖,3,2.7公里
3313345,3270405,武汉市东湖风景区,3,2.9公里
6241,35815,黎黄陂路街头博物馆,3,500米
6241,6243,武汉美术馆,3,1.1公里
6241,6630969,吉庆街,3,1.2公里
6241,6630975,江汉关大楼,3,1.5公里
6241,35611,江汉路,3,1.5公里
6241,3302431,武昌江滩,3,1.7公里
6241,5766,解放公园,3,2.3公里
6241,9926,武汉长江二桥,3,2.6公里
6241,8078066,大智路地铁站,6,900米
6241,8078064,三阳路地铁站,6,1.2公里
6241,8078118,江汉路地铁站,6,1.4公里
6241,8078067,循礼门地铁站,6,1.6公里
6241,8078063,黄浦路地铁站,6,2.2公里
6241,8078086,友谊路地铁站,6,2.5公里
6241,8078117,中山公园地铁站,6,2.8公里
31628,35815,黎黄陂路街头博物馆,3,900米
31628,6243,武汉美术馆,3,1.7公里
31628,6630969,吉庆街,3,1.7公里
31628,3302431,武昌江滩,3,1.9公里
31628,9926,武汉长江二桥,3,2公里
31628,35611,江汉路,3,2公里
31628,6630975,江汉关大楼,3,2.1公里
31628,5798,古德寺,3,2.8公里
31628,8078064,三阳路地铁站,6,800米
31628,8078066,大智路地铁站,6,1公里
31628,8078063,黄浦路地铁站,6,1.6公里
31628,8078118,江汉路地铁站,6,2公里
31628,8078067,循礼门地铁站,6,2.1公里
31628,8078061,头道街地铁站,6,2.8公里
35607,7392100,中国地质大学,3,100米
35607,5427484,中国地质大学博物馆,3,300米
35607,6930442,意大利风情街,3,1.3公里
35607,5785,华中科技大学,3,1.7公里
35607,9320843,光谷多莫大教堂,3,1.8公里
35607,5773,梅园,3,2.6公里
35607,7392202,荷兰风情园,3,2.7公里
35607,5778,武汉大学樱花节,3,2.8公里
35607,8078131,光谷广场地铁站,6,1.4公里
35607,8078130,杨家湾地铁站,6,2.3公里
35607,8078129,虎泉地铁站,6,3公里
5787,5789,宝通禅寺,3,700米
5787,6206,武汉理工大学,3,1.7公里
5787,6210,长春观,3,1.8公里
5787,6222,珞珈山,3,2公里
5787,7047467,武汉杜莎夫人蜡像馆,3,2.5公里
5787,5812,武汉大学,3,2.6公里
5787,3314976,汉街,3,2.7公里
5787,5690787,华中师范大学,3,2.9公里
5787,8078126,宝通寺地铁站,6,500米
5787,8078125,中南路地铁站,6,600米
5787,8078144,梅苑小区地铁站,6,1公里
5787,8078124,洪山广场地铁站,6,1.3公里
5787,8078127,街道口地铁站,6,1.7公里
5787,5688884,武昌火车站,6,1.9公里
5787,8078146,武昌火车地铁站,6,2公里
5787,8078123,小龟山地铁站,6,2.1公里
35641,9926,武汉长江二桥,3,1.2公里
35641,5766,解放公园,3,1.2公里
35641,5798,古德寺,3,1.4公里
35641,35815,黎黄陂路街头博物馆,3,2.3公里
35641,9008233,黎黄陂路,3,2.4公里
35641,6239,宋庆龄旧居,3,2.4公里
35641,6153,汉口江滩,3,2.4公里
35641,6630969,吉庆街,3,3公里
35641,8078063,黄浦路地铁站,6,300米
35641,8078064,三阳路地铁站,6,1.1公里
35641,8078061,头道街地铁站,6,1.3公里
35641,8078066,大智路地铁站,6,2.1公里
35641,8078059,二七路地铁站,6,2.4公里
35641,8078024,徐州新村地铁站,6,3公里
3331179,3322209,青山公园,3,1公里
3331179,7643206,北洋桥,3,1.8公里
3331179,6199,天兴洲,3,2.8公里
3331179,8078140,工业四路地铁站,6,2.5公里
3331179,8078141,杨春湖地铁站,6,2.7公里
6773,6218,中山公园,3,500米
6773,35611,江汉路,3,1.6公里
6773,6630969,吉庆街,3,2公里
6773,6243,武汉美术馆,3,2.1公里
6773,35633,晴川桥,3,2.2公里
6773,6630975,江汉关大楼,3,2.6公里
6773,35815,黎黄陂路街头博物馆,3,2.7公里
6773,35620,汉阳造艺术区,3,3公里
6773,8078117,中山公园地铁站,6,400米
6773,8078087,利济北路地铁站,6,500米
6773,8078086,友谊路地铁站,6,700米
6773,8078116,青年路地铁站,6,700米
6773,8078115,王家墩东地铁站,6,1.5公里
6773,8078067,循礼门地铁站,6,1.5公里
6773,8078118,江汉路地铁站,6,2公里
6773,8078090,硚口路地铁站,6,2.3公里
3446923,5789,宝通禅寺,3,300米
3446923,6206,武汉理工大学,3,1.3公里
3446923,6222,珞珈山,3,1.6公里
3446923,6210,长春观,3,2.2公里
3446923,5812,武汉大学,3,2.3公里
3446923,5690787,华中师范大学,3,2.5公里
3446923,7047467,武汉杜莎夫人蜡像馆,3,2.6公里
3446923,3314976,汉街,3,2.9公里
3446923,8078126,宝通寺地铁站,6,100米
3446923,8078125,中南路地铁站,6,1.1公里
3446923,8078127,街道口地铁站,6,1.3公里
3446923,8078144,梅苑小区地铁站,6,1.4公里
3446923,8078124,洪山广场地铁站,6,1.6公里
3446923,5688884,武昌火车站,6,2.3公里
3446923,8078128,广埠屯地铁站,6,2.4公里
3446923,8078146,武昌火车地铁站,6,2.4公里
17641435,35614,首义文化公园,3,200米
17641435,5807,武昌起义军政府旧址,3,400米
17641435,5426285,黄鹤楼,3,700米
17641435,6163,昙华林,3,1.6公里
17641435,5803,武汉长江大桥,3,1.9公里
17641435,31613,大禹神话园,3,2.7公里
17641435,31630,晴川阁,3,2.7公里
17641435,35812,铁门关,3,2.8公里
17641435,8078146,武昌火车地铁站,6,1.4公里
17641435,5688884,武昌火车站,6,1.7公里
17641435,8078121,螃蟹岬地铁站,6,2.1公里
17641435,8078144,梅苑小区地铁站,6,2.3公里
17641435,8078119,积玉桥地铁站,6,2.6公里
17641435,8078123,小龟山地铁站,6,2.7公里
17641435,8078125,中南路地铁站,6,2.7公里
8084137,6630975,江汉关大楼,3,500米
8084137,6630969,吉庆街,3,700米
8084137,35611,江汉路,3,800米
8084137,35815,黎黄陂路街头博物馆,3,1公里
8084137,3302431,武昌江滩,3,2.1公里
8084137,35633,晴川桥,3,2.1公里
8084137,6218,中山公园,3,2.5公里
8084137,31630,晴川阁,3,2.9公里
8084137,8078118,江汉路地铁站,6,400米
8084137,8078067,循礼门地铁站,6,1公里
8084137,8078066,大智路地铁站,6,1.4公里
8084137,8078086,友谊路地铁站,6,1.7公里
8084137,8078117,中山公园地铁站,6,2公里
8084137,8078064,三阳路地铁站,6,2.2公里
8084137,8078119,积玉桥地铁站,6,2.4公里
8084137,8078087,利济北路地铁站,6,2.5公里
5680374,3302431,武昌江滩,3,1.5公里
5680374,6630981,徐东商业街,3,2公里
5680374,3314976,汉街,3,2.5公里
5680374,6720615,湖北省图书馆,3,2.5公里
5680374,6156,防洪纪念碑,3,2.8公里
5680374,8078133,青鱼嘴地铁站,6,2.3公里
5680374,8078134,东亭地铁站,6,2.4公里
5680374,8078135,岳家嘴地铁站,6,2.8公里
5680374,8078132,楚河汉街地铁站,6,2.9公里
9080812,7047467,武汉杜莎夫人蜡像馆,3,900米
9080812,3314976,汉街,3,1.2公里
9080812,5789,宝通禅寺,3,1.6公里
9080812,6222,珞珈山,3,2.2公里
9080812,5812,武汉大学,3,2.4公里
9080812,6206,武汉理工大学,3,2.8公里
9080812,6221,湖北省博物馆,3,2.8公里
9080812,5684044,湖北美术馆,3,2.9公里
9080812,8078124,洪山广场地铁站,6,600米
9080812,8078132,楚河汉街地铁站,6,800米
9080812,8078125,中南路地铁站,6,1.3公里
9080812,8078123,小龟山地铁站,6,1.3公里
9080812,8078126,宝通寺地铁站,6,1.8公里
9080812,8078133,青鱼嘴地铁站,6,2.2公里
9080812,8078144,梅苑小区地铁站,6,2.3公里
9080812,8078121,螃蟹岬地铁站,6,2.5公里
7386720,5426285,黄鹤楼,3,0米
7386720,5807,武昌起义军政府旧址,3,500米
7386720,35614,首义文化公园,3,500米
7386720,6163,昙华林,3,1公里
7386720,5803,武汉长江大桥,3,1.4公里
7386720,31630,晴川阁,3,2.1公里
7386720,3303451,龟山,3,2.8公里
7386720,35633,晴川桥,3,3公里
7386720,8078121,螃蟹岬地铁站,6,1.7公里
7386720,8078119,积玉桥地铁站,6,1.9公里
7386720,8078146,武昌火车地铁站,6,2公里
7386720,5688884,武昌火车站,6,2.3公里
7386720,8078123,小龟山地铁站,6,2.6公里
7386720,8078144,梅苑小区地铁站,6,2.7公里
7386285,6153,汉口江滩,3,800米
7386285,9926,武汉长江二桥,3,1.3公里
7386285,5798,古德寺,3,1.6公里
7386285,35641,长春街,3,1.7公里
7386285,5768,武汉园林,3,2.1公里
7386285,5766,解放公园,3,2.6公里
7386285,8078061,头道街地铁站,6,900米
7386285,8078059,二七路地铁站,6,1.1公里
7386285,8078024,徐州新村地铁站,6,1.6公里
7386285,8078063,黄浦路地铁站,6,1.7公里
7386285,8078064,三阳路地铁站,6,2.8公里
6630987,35615,落雁岛,3,100米
6630987,6208,梨园风景区,3,500米
6630987,31646,东湖海洋世界,3,500米
6630987,5684044,湖北美术馆,3,1公里
6630987,6221,湖北省博物馆,3,1.2公里
6630987,3270405,武汉市东湖风景区,3,1.7公里
6630987,5428428,武汉欢乐谷,3,2.1公里
6630987,5774,东湖,3,2.3公里
6630987,8078135,岳家嘴地铁站,6,1.4公里
6630987,8078136,铁机路地铁站,6,1.6公里
6630987,8078134,东亭地铁站,6,1.7公里
6630987,8078133,青鱼嘴地铁站,6,2.3公里
6630987,8078137,罗家港地铁站,6,2.4公里
5687071,35620,汉阳造艺术区,3,600米
5687071,5805,古琴台,3,800米
5687071,3303451,龟山,3,900米
5687071,5434154,归元寺,3,1公里
5687071,31630,晴川阁,3,1.6公里
5687071,35812,铁门关,3,1.7公里
5687071,5803,武汉长江大桥,3,1.9公里
5687071,35633,晴川桥,3,2.1公里
5687071,8078088,崇仁路地铁站,6,2.8公里
5681691,17691538,武汉园博园,3,1.3公里
5681691,17793013,武汉园博园,3,1.3公里
5681691,5681840,丰顺路天顺园小区,3,1.7公里
5681691,17691526,C11环球动漫展,3,2.1公里
5681691,5686950,武汉工业学院,3,2.1公里
5681691,5679748,后襄河公园,3,2.6公里
5681691,5434197,武汉市博物馆,3,2.7公里
5681691,9081336,江城壹号文化创意园,3,2.8公里
5681691,8078110,长港路地铁站,6,1.8公里
5681691,8078111,汉口火车地铁站,6,2.4公里
5681691,105886,汉口火车站,6,2.5公里
5681691,8078109,常青花园地铁站,6,2.7公里
6227,5434154,归元寺,3,1.9公里
6227,5803,武汉长江大桥,3,2.3公里
6227,5805,古琴台,3,2.5公里
6227,3303451,龟山,3,2.5公里
6227,35620,汉阳造艺术区,3,2.5公里
6227,31613,大禹神话园,3,2.7公里
6227,31630,晴川阁,3,2.7公里
6227,35812,铁门关,3,2.9公里
6471,35614,首义文化公园,3,300米
6471,5807,武昌起义军政府旧址,3,500米
6471,5426285,黄鹤楼,3,800米
6471,6163,昙华林,3,1.7公里
6471,5803,武汉长江大桥,3,1.9公里
6471,31613,大禹神话园,3,2.7公里
6471,31630,晴川阁,3,2.7公里
6471,35812,铁门关,3,2.8公里
6471,8078146,武昌火车地铁站,6,1.4公里
6471,5688884,武昌火车站,6,1.7公里
6471,8078121,螃蟹岬地铁站,6,2.1公里
6471,8078144,梅苑小区地铁站,6,2.3公里
6471,8078119,积玉桥地铁站,6,2.6公里
6471,8078125,中南路地铁站,6,2.8公里
6471,8078123,小龟山地铁站,6,2.8公里
3310554,35815,黎黄陂路街头博物馆,3,300米
3310554,6630969,吉庆街,3,800米
3310554,6630975,江汉关大楼,3,1.1公里
3310554,35611,江汉路,3,1.2公里
3310554,3302431,武昌江滩,3,1.8公里
3310554,6218,中山公园,3,2.8公里
3310554,35633,晴川桥,3,2.9公里
3310554,9926,武汉长江二桥,3,2.9公里
3310554,8078066,大智路地铁站,6,800米
3310554,8078118,江汉路地铁站,6,1公里
3310554,8078067,循礼门地铁站,6,1.3公里
3310554,8078064,三阳路地铁站,6,1.5公里
3310554,8078086,友谊路地铁站,6,2.2公里
3310554,8078117,中山公园地铁站,6,2.5公里
3310554,8078063,黄浦路地铁站,6,2.5公里
3310554,8078119,积玉桥地铁站,6,2.9公里
5427599,7392748,石榴红村,3,800米
5427599,8078102,五环大道地铁站,6,2.9公里
3316280,5690787,华中师范大学,3,700米
3316280,5778,武汉大学樱花节,3,1.5公里
3316280,5689312,武汉大学信息学部,3,1.5公里
3316280,6206,武汉理工大学,3,1.9公里
3316280,6222,珞珈山,3,2.1公里
3316280,5812,武汉大学,3,2.2公里
3316280,5688520,武汉大学-图书馆,3,2.2公里
3316280,5789,宝通禅寺,3,2.9公里
3316280,8078129,虎泉地铁站,6,500米
3316280,8078128,广埠屯地铁站,6,800米
3316280,8078127,街道口地铁站,6,1.8公里
3316280,8078130,杨家湾地铁站,6,1.9公里
3316280,8078131,光谷广场地铁站,6,3公里
5689569,6630965,江滩公园,3,2公里
5689569,8078019,堤角地铁站,6,500米
5689569,8078020,新荣地铁站,6,700米
5689569,8730332,滕子岗地铁站,6,1.5公里
5689569,8078023,丹水池地铁站,6,2.1公里
5689569,8730333,滠口新城地铁站,6,2.6公里
3308654,7047467,武汉杜莎夫人蜡像馆,3,900米
3308654,3314976,汉街,3,1.6公里
3308654,5812,武汉大学,3,1.7公里
3308654,6222,珞珈山,3,1.8公里
3308654,6221,湖北省博物馆,3,1.8公里
3308654,5684044,湖北美术馆,3,2公里
3308654,6206,武汉理工大学,3,2.9公里
3308654,5778,武汉大学樱花节,3,3公里
3308654,8078132,楚河汉街地铁站,6,1.3公里
3308654,8078124,洪山广场地铁站,6,1.7公里
3308654,8078133,青鱼嘴地铁站,6,1.8公里
3308654,8078125,中南路地铁站,6,2.3公里
3308654,8078126,宝通寺地铁站,6,2.3公里
3308654,8078123,小龟山地铁站,6,2.4公里
3308654,8078127,街道口地铁站,6,2.4公里
3308654,8078134,东亭地铁站,6,2.4公里
6630988,3311487,西北湖绿化广场,3,1.8公里
6630988,5434197,武汉市博物馆,3,1.8公里
6630988,5679748,后襄河公园,3,1.9公里
6630988,5766,解放公园,3,2.1公里
6630988,6218,中山公园,3,2.7公里
6630988,5768,武汉园林,3,2.7公里
6630988,3314513,大智门火车站,3,2.7公里
6630988,8078112,范湖地铁站,6,1.6公里
6630988,105886,汉口火车站,6,2公里
6630988,8078111,汉口火车地铁站,6,2.1公里
6630988,8078115,王家墩东地铁站,6,2.2公里
6630988,8078066,大智路地铁站,6,2.7公里
6630988,8078064,三阳路地铁站,6,2.8公里
6630988,8078116,青年路地铁站,6,3公里
6630988,8078067,循礼门地铁站,6,3公里
3318297,6163,昙华林,3,700米
3318297,5426285,黄鹤楼,3,800米
3318297,5807,武昌起义军政府旧址,3,1.2公里
3318297,5803,武汉长江大桥,3,1.2公里
3318297,35614,首义文化公园,3,1.4公里
3318297,31630,晴川阁,3,1.6公里
3318297,35633,晴川桥,3,2.3公里
3318297,6630975,江汉关大楼,3,2.7公里
3318297,8078119,积玉桥地铁站,6,1.3公里
3318297,8078121,螃蟹岬地铁站,6,1.6公里
3318297,8078123,小龟山地铁站,6,2.7公里
3318297,8078146,武昌火车地铁站,6,2.8公里
7386726,5426285,黄鹤楼,3,0米
7386726,5807,武昌起义军政府旧址,3,500米
7386726,35614,首义文化公园,3,500米
7386726,6163,昙华林,3,1公里
7386726,5803,武汉长江大桥,3,1.4公里
7386726,31630,晴川阁,3,2.1公里
7386726,3303451,龟山,3,2.8公里
7386726,35633,晴川桥,3,2.9公里
7386726,8078121,螃蟹岬地铁站,6,1.7公里
7386726,8078119,积玉桥地铁站,6,1.9公里
7386726,8078146,武昌火车地铁站,6,2公里
7386726,5688884,武昌火车站,6,2.3公里
7386726,8078123,小龟山地铁站,6,2.6公里
7386726,8078144,梅苑小区地铁站,6,2.7公里
5430559,7687622,武汉工程大学流芳校区,3,3公里
16747657,5426656,黄陂大余湾,3,600米
5687168,7047467,武汉杜莎夫人蜡像馆,3,900米
5687168,3314976,汉街,3,1.6公里
5687168,5812,武汉大学,3,1.7公里
5687168,6222,珞珈山,3,1.8公里
5687168,6221,湖北省博物馆,3,1.8公里
5687168,5684044,湖北美术馆,3,2公里
5687168,6206,武汉理工大学,3,2.9公里
5687168,5778,武汉大学樱花节,3,3公里
5687168,8078132,楚河汉街地铁站,6,1.3公里
5687168,8078124,洪山广场地铁站,6,1.7公里
5687168,8078133,青鱼嘴地铁站,6,1.8公里
5687168,8078125,中南路地铁站,6,2.3公里
5687168,8078126,宝通寺地铁站,6,2.3公里
5687168,8078123,小龟山地铁站,6,2.4公里
5687168,8078134,东亭地铁站,6,2.4公里
5687168,8078127,街道口地铁站,6,2.4公里
5427303,5427484,中国地质大学博物馆,3,0米
5427303,7392100,中国地质大学,3,300米
5427303,35607,恐龙化石博物馆,3,300米
5427303,6930442,意大利风情街,3,1.1公里
5427303,5785,华中科技大学,3,1.4公里
5427303,9320843,光谷多莫大教堂,3,1.6公里
5427303,7392202,荷兰风情园,3,2.5公里
5427303,5773,梅园,3,2.9公里
5427303,8078131,光谷广场地铁站,6,1.2公里
5427303,8078130,杨家湾地铁站,6,2.2公里
3314219,5690787,华中师范大学,3,700米
3314219,5778,武汉大学樱花节,3,1.5公里
3314219,5689312,武汉大学信息学部,3,1.5公里
3314219,6206,武汉理工大学,3,1.9公里
3314219,6222,珞珈山,3,2.1公里
3314219,5812,武汉大学,3,2.2公里
3314219,5688520,武汉大学-图书馆,3,2.2公里
3314219,5789,宝通禅寺,3,3公里
3314219,8078129,虎泉地铁站,6,500米
3314219,8078128,广埠屯地铁站,6,800米
3314219,8078127,街道口地铁站,6,1.8公里
3314219,8078130,杨家湾地铁站,6,1.9公里
3314219,8078131,光谷广场地铁站,6,3公里
3312159,195896,东湖磨山,3,600米
3312159,35616,东湖樱花园,3,800米
3312159,5811,磨山景区,3,800米
3312159,35617,楚天台,3,1公里
3312159,5429419,武汉植物园,3,1.5公里
3312159,5773,梅园,3,1.6公里
3312159,5774,东湖,3,2.2公里
3312159,3270405,武汉市东湖风景区,3,2.5公里
6207,5812,武汉大学,3,500米
6207,6222,珞珈山,3,1公里
6207,5778,武汉大学樱花节,3,1.7公里
6207,7047467,武汉杜莎夫人蜡像馆,3,2.2公里
6207,6221,湖北省博物馆,3,2.4公里
6207,5690787,华中师范大学,3,2.5公里
6207,5774,东湖,3,2.8公里
6207,3314976,汉街,3,2.8公里
6207,8078127,街道口地铁站,6,1.8公里
6207,8078128,广埠屯地铁站,6,2公里
6207,8078126,宝通寺地铁站,6,2.4公里
6207,8078132,楚河汉街地铁站,6,2.6公里
6207,8078124,洪山广场地铁站,6,2.6公里
6207,8078125,中南路地铁站,6,2.9公里
6207,8078133,青鱼嘴地铁站,6,2.9公里
3307512,31630,晴川阁,3,900米
3307512,5803,武汉长江大桥,3,1公里
3307512,35620,汉阳造艺术区,3,1.2公里
3307512,5805,古琴台,3,1.6公里
3307512,5434154,归元寺,3,1.8公里
3307512,5426285,黄鹤楼,3,2.4公里
3307512,5807,武昌起义军政府旧址,3,2.8公里
3307512,6163,昙华林,3,2.9公里
3319316,6210,长春观,3,500米
3319316,5807,武昌起义军政府旧址,3,900米
3319316,3319445,湖北省美术馆,3,900米
3319316,35614,首义文化公园,3,1公里
3319316,5426285,黄鹤楼,3,1.3公里
3319316,6163,昙华林,3,1.4公里
3319316,5803,武汉长江大桥,3,2.6公里
3319316,5789,宝通禅寺,3,2.9公里
3319316,8078146,武昌火车地铁站,6,1.2公里
3319316,8078121,螃蟹岬地铁站,6,1.3公里
3319316,5688884,武昌火车站,6,1.4公里
3319316,8078144,梅苑小区地铁站,6,1.6公里
3319316,8078123,小龟山地铁站,6,1.7公里
3319316,8078125,中南路地铁站,6,1.8公里
3319316,8078124,洪山广场地铁站,6,2.1公里
3319316,8078119,积玉桥地铁站,6,2.3公里
5685088,6163,昙华林,3,200米
5685088,5426285,黄鹤楼,3,1公里
5685088,5807,武昌起义军政府旧址,3,1.2公里
5685088,35614,首义文化公园,3,1.4公里
5685088,5803,武汉长江大桥,3,1.7公里
5685088,31630,晴川阁,3,2.1公里
5685088,35633,晴川桥,3,2.6公里
5685088,6630975,江汉关大楼,3,2.8公里
5685088,8078119,积玉桥地铁站,6,1公里
5685088,8078121,螃蟹岬地铁站,6,1.1公里
5685088,8078123,小龟山地铁站,6,2.2公里
5685088,8078146,武昌火车地铁站,6,2.7公里
5685088,5688884,武昌火车站,6,2.9公里
5685088,8078124,洪山广场地铁站,6,3公里
5686757,6163,昙华林,3,1公里
5686757,6210,长春观,3,1公里
5686757,5807,武昌起义军政府旧址,3,1.2公里
5686757,35614,首义文化公园,3,1.4公里
5686757,5426285,黄鹤楼,3,1.4公里
5686757,3314976,汉街,3,2.5公里
5686757,5803,武汉长江大桥,3,2.7公里
5686757,7047467,武汉杜莎夫人蜡像馆,3,2.9公里
5686757,8078121,螃蟹岬地铁站,6,600米
5686757,8078123,小龟山地铁站,6,1.2公里
5686757,8078119,积玉桥地铁站,6,1.7公里
5686757,8078124,洪山广场地铁站,6,1.9公里
5686757,8078125,中南路地铁站,6,2公里
5686757,8078146,武昌火车地铁站,6,2公里
5686757,8078144,梅苑小区地铁站,6,2.1公里
5686757,5688884,武昌火车站,6,2.2公里
35628,35824,紫阳公园,3,800米
35628,35614,首义文化公园,3,1.7公里
35628,5807,武昌起义军政府旧址,3,1.9公里
35628,6210,长春观,3,1.9公里
35628,5426285,黄鹤楼,3,2.2公里
35628,3319445,湖北省美术馆,3,2.8公里
35628,6952259,武汉长江大桥建成纪念碑,3,2.8公里
35628,6163,昙华林,3,3公里
35628,8078146,武昌火车地铁站,6,800米
35628,5688884,武昌火车站,6,900米
35628,8078144,梅苑小区地铁站,6,1.8公里
35628,8078125,中南路地铁站,6,2.7公里
5686950,17793010,东方马城巨幕秀场,3,1.2公里
5686950,17691535,东方马城巨幕秀场,3,1.2公里
5686950,17691520,贝佳艺术馆(金银潭店),3,1.5公里
5686950,17792995,贝佳艺术馆(金银潭店),3,1.5公里
5686950,17691526,C11环球动漫展,3,1.8公里
5686950,5687877,武汉轻工大学(南门),3,2公里
5686950,17792992,园林艺术馆,3,2.1公里
5686950,17691517,园林艺术馆,3,2.1公里
5686950,8078109,常青花园地铁站,6,800米
5686950,8078108,金银潭地铁站,6,1.7公里
5428597,7047500,木兰山风景区,3,2.6公里
5428597,3473448,木兰山,3,2.7公里
5689357,5689312,武汉大学信息学部,3,200米
5689357,6222,珞珈山,3,500米
5689357,5688520,武汉大学-图书馆,3,800米
5689357,5812,武汉大学,3,800米
5689357,5690787,华中师范大学,3,1.3公里
5689357,6206,武汉理工大学,3,1.3公里
5689357,5778,武汉大学樱花节,3,1.3公里
5689357,5789,宝通禅寺,3,1.7公里
5689357,8078128,广埠屯地铁站,6,700米
5689357,8078127,街道口地铁站,6,800米
5689357,8078126,宝通寺地铁站,6,1.9公里
5689357,8078129,虎泉地铁站,6,2.1公里
5689357,8078125,中南路地铁站,6,2.9公里
5689357,8078124,洪山广场地铁站,6,3公里
5687877,17792995,贝佳艺术馆(金银潭店),3,1.6公里
5687877,17691520,贝佳艺术馆(金银潭店),3,1.6公里
5687877,5686950,武汉工业学院,3,2公里
5687877,17691526,C11环球动漫展,3,2公里
5687877,17792992,园林艺术馆,3,2.3公里
5687877,17691517,园林艺术馆,3,2.3公里
5687877,17691535,东方马城巨幕秀场,3,2.7公里
5687877,17793010,东方马城巨幕秀场,3,2.7公里
5687877,8078108,金银潭地铁站,6,2公里
5687877,8078109,常青花园地铁站,6,2.3公里
3310132,35815,黎黄陂路街头博物馆,3,300米
3310132,6243,武汉美术馆,3,800米
3310132,6630969,吉庆街,3,900米
3310132,35611,江汉路,3,1.3公里
3310132,6630975,江汉关大楼,3,1.3公里
3310132,3302431,武昌江滩,3,1.8公里
3310132,9926,武汉长江二桥,3,2.8公里
3310132,6218,中山公园,3,2.8公里
3310132,8078066,大智路地铁站,6,800米
3310132,8078118,江汉路地铁站,6,1.2公里
3310132,8078064,三阳路地铁站,6,1.3公里
3310132,8078067,循礼门地铁站,6,1.4公里
3310132,8078086,友谊路地铁站,6,2.3公里
3310132,8078063,黄浦路地铁站,6,2.4公里
3310132,8078117,中山公园地铁站,6,2.5公里
3447541,6630975,江汉关大楼,3,100米
3447541,6630969,吉庆街,3,1.1公里
3447541,35611,江汉路,3,1.2公里
3447541,35815,黎黄陂路街头博物馆,3,1.4公里
3447541,3302431,武昌江滩,3,2公里
3447541,31630,晴川阁,3,2.6公里
3447541,6218,中山公园,3,2.7公里
3447541,6163,昙华林,3,2.9公里
3447541,8078118,江汉路地铁站,6,600米
3447541,8078067,循礼门地铁站,6,1.4公里
3447541,8078066,大智路地铁站,6,1.8公里
3447541,8078086,友谊路地铁站,6,1.9公里
3447541,8078119,积玉桥地铁站,6,2公里
3447541,8078117,中山公园地铁站,6,2.3公里
3447541,8078064,三阳路地铁站,6,2.6公里
3447541,8078087,利济北路地铁站,6,2.6公里
9429127,17691379,谭鑫培公园,3,1公里
9429127,17792854,谭鑫培公园,3,1公里
9429127,17792869,普愿禅寺,3,1.5公里
9429127,17792908,慕尚庄园,3,2.2公里
9429127,17691433,慕尚庄园,3,2.2公里
9429127,17792896,基督教恩惠堂,3,2.6公里
9429127,17691373,花之都儿童乐园,3,2.7公里
9429127,5694002,中国地质大学江城学院继续教育学院,3,2.8公里
31640,5426285,黄鹤楼,3,200米
31640,5807,武昌起义军政府旧址,3,700米
31640,35614,首义文化公园,3,700米
31640,6163,昙华林,3,1公里
31640,5803,武汉长江大桥,3,1.2公里
31640,31630,晴川阁,3,1.9公里
31640,3303451,龟山,3,2.6公里
31640,35633,晴川桥,3,2.7公里
31640,8078121,螃蟹岬地铁站,6,1.8公里
31640,8078119,积玉桥地铁站,6,1.9公里
31640,8078146,武昌火车地铁站,6,2.2公里
31640,5688884,武昌火车站,6,2.5公里
31640,8078123,小龟山地铁站,6,2.8公里
31640,8078144,梅苑小区地铁站,6,2.9公里
7047457,31646,东湖海洋世界,3,600米
7047457,6208,梨园风景区,3,700米
7047457,35615,落雁岛,3,1.1公里
7047457,3270405,武汉市东湖风景区,3,1.2公里
7047457,5428428,武汉欢乐谷,3,1.3公里
7047457,5684044,湖北美术馆,3,2.1公里
7047457,6221,湖北省博物馆,3,2.2公里
7047457,5774,东湖,3,2.4公里
7047457,8078136,铁机路地铁站,6,1.7公里
7047457,8078135,岳家嘴地铁站,6,2公里
7047457,8078137,罗家港地铁站,6,2.1公里
7047457,8078134,东亭地铁站,6,2.6公里
7047457,8078138,园林路地铁站,6,2.8公里
5684151,7392780,琴台公园,3,1公里
5684151,7392614,中山大道,3,1.6公里
5684151,5805,古琴台,3,1.9公里
5684151,35620,汉阳造艺术区,3,2.1公里
5684151,3359887,武汉动物园,3,2.4公里
5684151,5434154,归元寺,3,2.5公里
5684151,3303451,龟山,3,2.8公里
5684151,6630971,汉口中山公园,3,2.9公里
5684151,8078090,硚口路地铁站,6,600米
5684151,8078091,太平洋地铁站,6,1.2公里
5684151,8078088,崇仁路地铁站,6,1.5公里
5684151,8078087,利济北路地铁站,6,2.3公里
5684151,8078116,青年路地铁站,6,2.6公里
5684151,8078093,宗关地铁站,6,2.8公里
35622,195896,东湖磨山,3,500米
35622,35616,东湖樱花园,3,600米
35622,5811,磨山景区,3,600米
35622,35617,楚天台,3,1公里
35622,5429419,武汉植物园,3,1.2公里
35622,5773,梅园,3,1.4公里
35622,5774,东湖,3,2.3公里
35622,3270405,武汉市东湖风景区,3,2.8公里
6772,5428428,武汉欢乐谷,3,600米
6772,31646,东湖海洋世界,3,1公里
6772,6208,梨园风景区,3,1.1公里
6772,5682581,东湖牡丹园,3,1.3公里
6772,35615,落雁岛,3,1.6公里
6772,3270405,武汉市东湖风景区,3,1.7公里
6772,5684044,湖北美术馆,3,2.6公里
6772,6221,湖北省博物馆,3,2.7公里
6772,8078136,铁机路地铁站,6,1.5公里
6772,8078137,罗家港地铁站,6,1.6公里
6772,8078135,岳家嘴地铁站,6,2.1公里
6772,8078138,园林路地铁站,6,2.2公里
6772,8078139,仁和路地铁站,6,2.8公里
6772,8078134,东亭地铁站,6,2.9公里
5687250,7047467,武汉杜莎夫人蜡像馆,3,1.3公里
5687250,5812,武汉大学,3,1.3公里
5687250,6222,珞珈山,3,1.4公里
5687250,3314976,汉街,3,2公里
5687250,6221,湖北省博物馆,3,2公里
5687250,5684044,湖北美术馆,3,2.2公里
5687250,5778,武汉大学樱花节,3,2.6公里
5687250,6206,武汉理工大学,3,2.6公里
5687250,8078132,楚河汉街地铁站,6,1.7公里
5687250,8078124,洪山广场地铁站,6,1.9公里
5687250,8078127,街道口地铁站,6,2.1公里
5687250,8078133,青鱼嘴地铁站,6,2.2公里
5687250,8078126,宝通寺地铁站,6,2.2公里
5687250,8078125,中南路地铁站,6,2.4公里
5687250,8078128,广埠屯地铁站,6,2.6公里
5687250,8078123,小龟山地铁站,6,2.7公里
6774,35815,黎黄陂路街头博物馆,3,200米
6774,6243,武汉美术馆,3,800米
6774,6630969,吉庆街,3,900米
6774,35611,江汉路,3,1.2公里
6774,6630975,江汉关大楼,3,1.3公里
6774,3302431,武昌江滩,3,1.9公里
6774,6218,中山公园,3,2.8公里
6774,9926,武汉长江二桥,3,2.8公里
6774,8078066,大智路地铁站,6,700米
6774,8078118,江汉路地铁站,6,1.1公里
6774,8078067,循礼门地铁站,6,1.3公里
6774,8078064,三阳路地铁站,6,1.3公里
6774,8078086,友谊路地铁站,6,2.2公里
6774,8078063,黄浦路地铁站,6,2.4公里
6774,8078117,中山公园地铁站,6,2.5公里
5690155,5689312,武汉大学信息学部,3,300米
5690155,6222,珞珈山,3,800米
5690155,5690787,华中师范大学,3,900米
5690155,6206,武汉理工大学,3,1.1公里
5690155,5688520,武汉大学-图书馆,3,1.1公里
5690155,5812,武汉大学,3,1.2公里
5690155,5778,武汉大学樱花节,3,1.4公里
5690155,5789,宝通禅寺,3,1.8公里
5690155,8078128,广埠屯地铁站,6,500米
5690155,8078127,街道口地铁站,6,700米
5690155,8078129,虎泉地铁站,6,1.8公里
5690155,8078126,宝通寺地铁站,6,1.9公里
5690155,8078125,中南路地铁站,6,2.9公里
3314200,35815,黎黄陂路街头博物馆,3,400米
3314200,6243,武汉美术馆,3,600米
3314200,6630969,吉庆街,3,800米
3314200,6630975,江汉关大楼,3,1公里
3314200,35611,江汉路,3,1.1公里
3314200,3302431,武昌江滩,3,1.8公里
3314200,6218,中山公园,3,2.7公里
3314200,35633,晴川桥,3,2.8公里
3314200,8078118,江汉路地铁站,6,900米
3314200,8078066,大智路地铁站,6,900米
3314200,8078067,循礼门地铁站,6,1.2公里
3314200,8078064,三阳路地铁站,6,1.6公里
3314200,8078086,友谊路地铁站,6,2.1公里
3314200,8078117,中山公园地铁站,6,2.4公里
3314200,8078063,黄浦路地铁站,6,2.7公里
3314200,8078119,积玉桥地铁站,6,2.8公里
5679748,5434197,武汉市博物馆,3,200米
5679748,6630988,江汉湖区湿地,3,1.9公里
5679748,3311487,西北湖绿化广场,3,2.1公里
5679748,5681691,常青公园,3,2.6公里
5679748,105886,汉口火车站,6,600米
5679748,8078111,汉口火车地铁站,6,600米
5679748,8078112,范湖地铁站,6,700米
5679748,8078115,王家墩东地铁站,6,2公里
5679748,8078110,长港路地铁站,6,2公里
5679748,8078116,青年路地铁站,6,2.9公里
5689308,6222,珞珈山,3,300米
5689308,5812,武汉大学,3,500米
5689308,5689312,武汉大学信息学部,3,500米
5689308,5778,武汉大学樱花节,3,1.4公里
5689308,6206,武汉理工大学,3,1.6公里
5689308,5789,宝通禅寺,3,1.6公里
5689308,5690787,华中师范大学,3,1.7公里
5689308,7047467,武汉杜莎夫人蜡像馆,3,2.7公里
5689308,8078127,街道口地铁站,6,1公里
5689308,8078128,广埠屯地铁站,6,1.2公里
5689308,8078126,宝通寺地铁站,6,1.9公里
5689308,8078129,虎泉地铁站,6,2.5公里
5689308,8078125,中南路地铁站,6,2.7公里
5689308,8078124,洪山广场地铁站,6,2.7公里
5689308,8078132,楚河汉街地铁站,6,3公里
35642,7392100,中国地质大学,3,1.5公里
35642,5785,华中科技大学,3,1.8公里
35642,5429419,武汉植物园,3,2.1公里
35642,6930442,意大利风情街,3,2.2公里
35642,35616,东湖樱花园,3,2.5公里
35642,5773,梅园,3,2.5公里
35642,9320843,光谷多莫大教堂,3,2.5公里
35642,5811,磨山景区,3,2.6公里
35642,8078131,光谷广场地铁站,6,2.7公里
3298693,5805,古琴台,3,300米
3298693,35620,汉阳造艺术区,3,300米
3298693,5434154,归元寺,3,1公里
3298693,3303451,龟山,3,1.1公里
3298693,31630,晴川阁,3,1.9公里
3298693,35812,铁门关,3,1.9公里
3298693,35633,晴川桥,3,2.1公里
3298693,5803,武汉长江大桥,3,2.3公里
3298693,8078088,崇仁路地铁站,6,2.3公里
3298693,8078090,硚口路地铁站,6,2.5公里
3298693,8078087,利济北路地铁站,6,2.8公里
7047465,31646,东湖海洋世界,3,400米
7047465,6208,梨园风景区,3,400米
7047465,35615,落雁岛,3,900米
7047465,5428428,武汉欢乐谷,3,1.3公里
7047465,3270405,武汉市东湖风景区,3,1.7公里
7047465,5684044,湖北美术馆,3,1.9公里
7047465,6221,湖北省博物馆,3,2公里
7047465,5774,东湖,3,2.8公里
7047465,8078136,铁机路地铁站,6,1.1公里
7047465,8078135,岳家嘴地铁站,6,1.5公里
7047465,8078137,罗家港地铁站,6,1.7公里
7047465,8078134,东亭地铁站,6,2.2公里
7047465,8078138,园林路地铁站,6,2.6公里
7047465,8078133,青鱼嘴地铁站,6,2.9公里
5685656,7047467,武汉杜莎夫人蜡像馆,3,900米
5685656,6221,湖北省博物馆,3,1.5公里
5685656,3314976,汉街,3,1.6公里
5685656,5684044,湖北美术馆,3,1.6公里
5685656,5812,武汉大学,3,1.9公里
5685656,6222,珞珈山,3,2.1公里
5685656,5789,宝通禅寺,3,2.4公里
5685656,35615,落雁岛,3,2.6公里
5685656,8078132,楚河汉街地铁站,6,1.4公里
5685656,8078133,青鱼嘴地铁站,6,1.5公里
5685656,8078124,洪山广场地铁站,6,2公里
5685656,8078134,东亭地铁站,6,2.1公里
5685656,8078123,小龟山地铁站,6,2.5公里
5685656,8078125,中南路地铁站,6,2.6公里
5685656,8078126,宝通寺地铁站,6,2.7公里
5685656,8078127,街道口地铁站,6,2.8公里
17691442,17792917,藏龙岛,3,0米
17691442,17792953,梁山头商业街,3,1.5公里
17691442,17691478,梁山头商业街,3,1.5公里
17691442,17691490,凤凰步行街,3,2公里
17691442,17792965,凤凰步行街,3,2公里
6630986,5787,施洋烈士陵园,3,1.8公里
6630986,35626,起义门,3,1.9公里
6630986,3446923,洪山宝塔,3,1.9公里
6630986,5789,宝通禅寺,3,2.2公里
6630986,6206,武汉理工大学,3,2.3公里
6630986,6210,长春观,3,2.3公里
6630986,35824,紫阳公园,3,2.5公里
6630986,3319317,首义公园,3,2.8公里
6630986,8078144,梅苑小区地铁站,6,1.3公里
6630986,5688884,武昌火车站,6,1.3公里
6630986,8078146,武昌火车地铁站,6,1.6公里
6630986,8078126,宝通寺地铁站,6,1.9公里
6630986,8078125,中南路地铁站,6,2.1公里
6630986,8078127,街道口地铁站,6,2.7公里
6776,17691505,大花山,3,0米
6776,17792980,大花山,3,0米
6776,17792812,开利星空,3,600米
6776,17691340,开利星空,3,600米
3449703,6206,武汉理工大学,3,200米
3449703,5789,宝通禅寺,3,1.1公里
3449703,5689312,武汉大学信息学部,3,1.3公里
3449703,6222,珞珈山,3,1.5公里
3449703,5690787,华中师范大学,3,1.5公里
3449703,5688520,武汉大学-图书馆,3,2公里
3449703,5812,武汉大学,3,2.1公里
3449703,5778,武汉大学樱花节,3,2.7公里
3449703,8078127,街道口地铁站,6,700米
3449703,8078126,宝通寺地铁站,6,1公里
3449703,8078128,广埠屯地铁站,6,1.6公里
3449703,8078125,中南路地铁站,6,2.2公里
3449703,8078144,梅苑小区地铁站,6,2.2公里
3449703,8078129,虎泉地铁站,6,2.5公里
3449703,8078124,洪山广场地铁站,6,2.7公里
3449703,5688884,武昌火车站,6,2.9公里
8976417,35815,黎黄陂路街头博物馆,3,900米
8976417,6243,武汉美术馆,3,1.6公里
8976417,6630969,吉庆街,3,1.6公里
8976417,3302431,武昌江滩,3,1.9公里
8976417,35611,江汉路,3,2公里
8976417,6630975,江汉关大楼,3,2公里
8976417,9926,武汉长江二桥,3,2.1公里
8976417,5798,古德寺,3,2.9公里
8976417,8078064,三阳路地铁站,6,800米
8976417,8078066,大智路地铁站,6,1公里
8976417,8078063,黄浦路地铁站,6,1.7公里
8976417,8078118,江汉路地铁站,6,1.9公里
8976417,8078067,循礼门地铁站,6,2公里
8976417,8078061,头道街地铁站,6,2.8公里
8976417,8078086,友谊路地铁站,6,2.9公里
6003460,6199,天兴洲,3,3公里
6003460,8078143,武汉火车地铁站,6,1.9公里
6003460,6936813,武汉火车站,6,2.3公里
6003460,8078141,杨春湖地铁站,6,2.5公里
7047461,35611,江汉路,3,1.1公里
7047461,35633,晴川桥,3,1.3公里
7047461,6218,中山公园,3,1.4公里
7047461,6630969,吉庆街,3,1.4公里
7047461,6630975,江汉关大楼,3,1.7公里
7047461,35815,黎黄陂路街头博物馆,3,2.2公里
7047461,31630,晴川阁,3,2.4公里
7047461,35620,汉阳造艺术区,3,2.6公里
7047461,8078086,友谊路地铁站,6,500米
7047461,8078117,中山公园地铁站,6,800米
7047461,8078087,利济北路地铁站,6,1公里
7047461,8078067,循礼门地铁站,6,1.1公里
7047461,8078118,江汉路地铁站,6,1.2公里
7047461,8078088,崇仁路地铁站,6,1.7公里
7047461,8078116,青年路地铁站,6,1.8公里
7047461,8078066,大智路地铁站,6,2.3公里
5687211,5812,武汉大学,3,1.2公里
5687211,6222,珞珈山,3,1.5公里
5687211,7047467,武汉杜莎夫人蜡像馆,3,1.5公里
5687211,6221,湖北省博物馆,3,1.8公里
5687211,5684044,湖北美术馆,3,2公里
5687211,3314976,汉街,3,2.2公里
5687211,5778,武汉大学樱花节,3,2.4公里
5687211,5774,东湖,3,2.8公里
5687211,8078132,楚河汉街地铁站,6,1.9公里
5687211,8078133,青鱼嘴地铁站,6,2.2公里
5687211,8078124,洪山广场地铁站,6,2.2公里
5687211,8078127,街道口地铁站,6,2.3公里
5687211,8078126,宝通寺地铁站,6,2.5公里
5687211,8078128,广埠屯地铁站,6,2.6公里
5687211,8078134,东亭地铁站,6,2.7公里
5687211,8078125,中南路地铁站,6,2.7公里
17792863,17691388,灵泉寺,3,0米
17792863,35627,龙泉山,3,100米
17792863,17691424,龙泉山风景区,3,400米
17792863,17792899,龙泉山风景区,3,400米
17792863,17691499,昭王寝,3,500米
17792863,17792932,龙泉山,3,500米
17792863,17691355,云旗龙泉山生态园,3,500米
17792863,17792830,云旗龙泉山生态园,3,500米
17691391,17792866,观音岛,3,0米
17792800,17691328,中山舰博物馆,3,0米
17792800,17691331,中山舰博物馆,3,100米
17792800,17792803,中山舰博物馆,3,100米
17792800,35625,中山舰博物馆,3,100米
17792806,17691334,国际星河玫瑰艺术展(武汉站),3,0米
17792806,17792971,沛美达,3,0米
17792806,17691496,沛美达,3,0米
17792806,17792884,巴登城,3,0米
17792806,7047475,锦绣山庄,3,1.7公里
17792866,17691391,观音岛,3,0米
17691433,17792908,慕尚庄园,3,0米
17691433,5694002,中国地质大学江城学院继续教育学院,3,800米
17691433,17792854,谭鑫培公园,3,1.6公里
17691433,17691379,谭鑫培公园,3,1.6公里
17691433,9429127,武汉港,3,2.2公里
17691433,17691337,革命烈士纪念馆,3,2.7公里
17691433,17792809,革命烈士纪念馆,3,2.7公里
17691433,5503885,白云洞军事旅游风景区,3,2.8公里
17691328,17792800,中山舰博物馆,3,0米
17691328,17691331,中山舰博物馆,3,100米
17691328,17792803,中山舰博物馆,3,100米
17691328,35625,中山舰博物馆,3,100米
17691388,17792863,灵泉寺,3,0米
17691388,35627,龙泉山,3,100米
17691388,17691424,龙泉山风景区,3,400米
17691388,17792899,龙泉山风景区,3,400米
17691388,17691499,昭王寝,3,500米
17691388,17792932,龙泉山,3,500米
17691388,17691355,云旗龙泉山生态园,3,500米
17691388,17792830,云旗龙泉山生态园,3,500米
17792908,17691433,慕尚庄园,3,0米
17792908,5694002,中国地质大学江城学院继续教育学院,3,800米
17792908,17792854,谭鑫培公园,3,1.6公里
17792908,17691379,谭鑫培公园,3,1.6公里
17792908,9429127,武汉港,3,2.2公里
17792908,17691337,革命烈士纪念馆,3,2.7公里
17792908,17792809,革命烈士纪念馆,3,2.7公里
17792908,5503885,白云洞军事旅游风景区,3,2.8公里
17691334,17792806,国际星河玫瑰艺术展(武汉站),3,0米
17691334,17792971,沛美达,3,0米
17691334,17691496,沛美达,3,0米
17691334,17792884,巴登城,3,0米
17691334,7047475,锦绣山庄,3,1.7公里
17792905,17691430,汤逊湖,3,0米
17792905,31569,汤逊湖,3,200米
17792905,17792959,庙山美食一条街,3,2.1公里
17792905,17792842,武汉医药产业园,3,2.2公里
17792905,17691445,长岛,3,2.4公里
17792905,17792920,长岛,3,2.4公里
17792905,17792929,汤孙湖山庄,3,3公里
17792905,17691454,汤孙湖山庄,3,3公里
5681031,3270405,武汉市东湖风景区,3,300米
5681031,5774,东湖,3,1.7公里
5681031,35615,落雁岛,3,2.1公里
5681031,5428428,武汉欢乐谷,3,2.1公里
5681031,195896,东湖磨山,3,2.3公里
5681031,6221,湖北省博物馆,3,2.8公里
5681031,5684044,湖北美术馆,3,2.8公里
5681031,5811,磨山景区,3,2.8公里
5681031,8078136,铁机路地铁站,6,3公里
17691430,17792905,汤逊湖,3,0米
17691430,31569,汤逊湖,3,200米
17691430,17792959,庙山美食一条街,3,2.1公里
17691430,17792842,武汉医药产业园,3,2.2公里
17691430,17691445,长岛,3,2.4公里
17691430,17792920,长岛,3,2.4公里
17691430,17792929,汤孙湖山庄,3,3公里
17691430,17691454,汤孙湖山庄,3,3公里
17792989,17691514,三尤酒瓶博物馆,3,0米
17792989,17793004,聚文斋书画装裱美术工作室,3,1公里
17792989,17691529,聚文斋书画装裱美术工作室,3,1公里
17792989,17792998,东西湖科技馆,3,1公里
17792989,17691523,东西湖科技馆,3,1公里
17792989,7690291,武汉花世界,3,1.1公里
17792989,17793007,一飞书画苑,3,1.6公里
17792989,17691532,一飞书画苑,3,1.6公里
17792989,8078102,五环大道地铁站,6,1公里
17792989,8078105,东吴大道地铁站,6,2公里
17691376,17792851,青龙山森林公园,3,0米
17691376,17691337,革命烈士纪念馆,3,400米
17691376,17792809,革命烈士纪念馆,3,400米
17691376,17792875,基督教恩光堂,3,1.9公里
17691376,5694002,中国地质大学江城学院继续教育学院,3,2.3公里
17691376,17691373,花之都儿童乐园,3,2.5公里
17691376,17792848,花之都儿童乐园,3,2.5公里
17691376,17691358,鳄鱼,3,2.6公里
17792851,17691376,青龙山森林公园,3,0米
17792851,17691337,革命烈士纪念馆,3,400米
17792851,17792809,革命烈士纪念馆,3,400米
17792851,17792875,基督教恩光堂,3,1.9公里
17792851,5694002,中国地质大学江城学院继续教育学院,3,2.3公里
17792851,17691373,花之都儿童乐园,3,2.5公里
17792851,17792848,花之都儿童乐园,3,2.5公里
17792851,17691358,鳄鱼,3,2.6公里
17691514,17792989,三尤酒瓶博物馆,3,0米
17691514,17793004,聚文斋书画装裱美术工作室,3,1公里
17691514,17691529,聚文斋书画装裱美术工作室,3,1公里
17691514,17792998,东西湖科技馆,3,1公里
17691514,17691523,东西湖科技馆,3,1公里
17691514,7690291,武汉花世界,3,1.1公里
17691514,17793007,一飞书画苑,3,1.6公里
17691514,17691532,一飞书画苑,3,1.6公里
17691514,8078102,五环大道地铁站,6,1公里
17691514,8078105,东吴大道地铁站,6,2公里
17793013,17691538,武汉园博园,3,0米
17793013,17792992,园林艺术馆,3,900米
17793013,17691517,园林艺术馆,3,900米
17793013,17691526,C11环球动漫展,3,1.1公里
17793013,5681840,丰顺路天顺园小区,3,1.1公里
17793013,5681691,常青公园,3,1.3公里
17793013,5686950,武汉工业学院,3,2.2公里
17793013,9081336,江城壹号文化创意园,3,2.8公里
17793013,8078110,长港路地铁站,6,2.7公里
17793013,8078109,常青花园地铁站,6,3公里
17691538,17793013,武汉园博园,3,0米
17691538,17792992,园林艺术馆,3,900米
17691538,17691517,园林艺术馆,3,900米
17691538,17691526,C11环球动漫展,3,1.1公里
17691538,5681840,丰顺路天顺园小区,3,1.1公里
17691538,5681691,常青公园,3,1.3公里
17691538,5686950,武汉工业学院,3,2.2公里
17691538,9081336,江城壹号文化创意园,3,2.8公里
17691538,8078110,长港路地铁站,6,2.7公里
17691538,8078109,常青花园地铁站,6,3公里
17792821,17691349,七彩花海公园,3,0米
17792821,17792818,当代薰衣草风情园,3,900米
17792821,17691346,当代薰衣草风情园,3,900米
17691349,17792821,七彩花海公园,3,0米
17691349,17792818,当代薰衣草风情园,3,900米
17691349,17691346,当代薰衣草风情园,3,900米
7047475,17792971,沛美达,3,1.7公里
7047475,17691496,沛美达,3,1.7公里
7047475,17792806,国际星河玫瑰艺术展(武汉站),3,1.7公里
7047475,17691334,国际星河玫瑰艺术展(武汉站),3,1.7公里
7047475,17792884,巴登城,3,1.7公里
17691346,17792818,当代薰衣草风情园,3,0米
17691346,17691349,七彩花海公园,3,900米
17691346,17792821,七彩花海公园,3,900米
17691379,17792854,谭鑫培公园,3,0米
17691379,9429127,武汉港,3,1公里
17691379,17792896,基督教恩惠堂,3,1.6公里
17691379,17792908,慕尚庄园,3,1.6公里
17691379,17691433,慕尚庄园,3,1.6公里
17691379,17691373,花之都儿童乐园,3,1.9公里
17691379,5694002,中国地质大学江城学院继续教育学院,3,2公里
17691379,17792869,普愿禅寺,3,2.5公里
17691427,17792902,鑫农湖荷花基地,3,0米
17792854,17691379,谭鑫培公园,3,0米
17792854,9429127,武汉港,3,1公里
17792854,17792896,基督教恩惠堂,3,1.6公里
17792854,17792908,慕尚庄园,3,1.6公里
17792854,17691433,慕尚庄园,3,1.6公里
17792854,17691373,花之都儿童乐园,3,1.9公里
17792854,5694002,中国地质大学江城学院继续教育学院,3,2公里
17792854,17792869,普愿禅寺,3,2.5公里
17792818,17691346,当代薰衣草风情园,3,0米
17792818,17691349,七彩花海公园,3,900米
17792818,17792821,七彩花海公园,3,900米
17792902,17691427,鑫农湖荷花基地,3,0米
7690291,17793004,聚文斋书画装裱美术工作室,3,200米
7690291,17691529,聚文斋书画装裱美术工作室,3,200米
7690291,17691523,东西湖科技馆,3,600米
7690291,17792998,东西湖科技馆,3,600米
7690291,17691532,一飞书画苑,3,900米
7690291,17691514,三尤酒瓶博物馆,3,1.1公里
7690291,17792989,三尤酒瓶博物馆,3,1.1公里
7690291,7392748,石榴红村,3,2.4公里
7690291,8078102,五环大道地铁站,6,300米
7690291,8078105,东吴大道地铁站,6,1公里
17792926,17691451,梦天湖,3,0米
17691448,17792923,绿野山庄,3,0米
17792815,17691343,江夏薰香悦花卉世界,3,0米
17792815,17792950,鸽子山,3,2.5公里
17792815,17691475,鸽子山,3,2.5公里
17691454,17792929,汤孙湖山庄,3,0米
17691454,17792842,武汉医药产业园,3,800米
17691454,17691367,武汉医药产业园,3,800米
17691454,17792914,华泰汤孙湖旅游度假区,3,800米
17691454,17691439,华泰汤孙湖旅游度假区,3,800米
17691454,17792959,庙山美食一条街,3,900米
17691454,17691445,长岛,3,1.8公里
17691454,17792920,长岛,3,1.8公里
17792899,17691424,龙泉山风景区,3,0米
17792899,35627,龙泉山,3,300米
17792899,17691388,灵泉寺,3,400米
17792899,17792863,灵泉寺,3,400米
17792899,17792830,云旗龙泉山生态园,3,600米
17792899,17792932,龙泉山,3,800米
17792899,17691415,龙泉街覃庙村,3,2.9公里
17792899,17792890,龙泉街覃庙村,3,2.9公里
17792923,17691448,绿野山庄,3,0米
17792929,17691454,汤孙湖山庄,3,0米
17792929,17792842,武汉医药产业园,3,800米
17792929,17691367,武汉医药产业园,3,800米
17792929,17792914,华泰汤孙湖旅游度假区,3,800米
17792929,17691439,华泰汤孙湖旅游度假区,3,800米
17792929,17792959,庙山美食一条街,3,900米
17792929,17691445,长岛,3,1.8公里
17792929,17792920,长岛,3,1.8公里
17691343,17792815,江夏薰香悦花卉世界,3,0米
17691343,17792950,鸽子山,3,2.5公里
17691343,17691475,鸽子山,3,2.5公里
17691424,17792899,龙泉山风景区,3,0米
17691424,35627,龙泉山,3,300米
17691424,17691388,灵泉寺,3,400米
17691424,17792863,灵泉寺,3,400米
17691424,17792830,云旗龙泉山生态园,3,600米
17691424,17792932,龙泉山,3,800米
17691424,17691415,龙泉街覃庙村,3,2.9公里
17691424,17792890,龙泉街覃庙村,3,2.9公里
17691451,17792926,梦天湖,3,0米
5681840,17793013,武汉园博园,3,1.1公里
5681840,17691538,武汉园博园,3,1.1公里
5681840,5681691,常青公园,3,1.7公里
5681840,9081336,江城壹号文化创意园,3,1.8公里
5681840,17792992,园林艺术馆,3,1.8公里
5681840,17691517,园林艺术馆,3,1.8公里
5681840,17691526,C11环球动漫展,3,2.1公里
5681840,17793010,东方马城巨幕秀场,3,2.1公里
5681840,8078096,古田三路地铁站,6,2.4公里
5681840,8078097,古田二路地铁站,6,2.4公里
5681840,8078095,古田四路地铁站,6,2.8公里
7047486,31630,晴川阁,3,1.2公里
7047486,6630975,江汉关大楼,3,1.4公里
7047486,5803,武汉长江大桥,3,1.9公里
7047486,35611,江汉路,3,2公里
7047486,35620,汉阳造艺术区,3,2.3公里
7047486,6163,昙华林,3,2.3公里
7047486,5426285,黄鹤楼,3,2.7公里
7047486,35815,黎黄陂路街头博物馆,3,2.7公里
7047486,8078118,江汉路地铁站,6,1.6公里
7047486,8078119,积玉桥地铁站,6,1.9公里
7047486,8078086,友谊路地铁站,6,2公里
7047486,8078067,循礼门地铁站,6,2.2公里
7047486,8078087,利济北路地铁站,6,2.3公里
7047486,8078117,中山公园地铁站,6,2.3公里
7047486,8078088,崇仁路地铁站,6,2.7公里
17792809,17691337,革命烈士纪念馆,3,0米
17792809,17691376,青龙山森林公园,3,400米
17792809,17792851,青龙山森林公园,3,400米
17792809,5694002,中国地质大学江城学院继续教育学院,3,2.1公里
17792809,17792848,花之都儿童乐园,3,2.2公里
17792809,17691373,花之都儿童乐园,3,2.2公里
17792809,17691433,慕尚庄园,3,2.7公里
17792809,17792908,慕尚庄园,3,2.7公里
17792920,17691445,长岛,3,0米
17792920,17792959,庙山美食一条街,3,1.2公里
17792920,17792914,华泰汤孙湖旅游度假区,3,1.3公里
17792920,17691439,华泰汤孙湖旅游度假区,3,1.3公里
17792920,17691367,武汉医药产业园,3,1.6公里
17792920,17792842,武汉医药产业园,3,1.6公里
17792920,17691454,汤孙湖山庄,3,1.8公里
17792920,17792929,汤孙湖山庄,3,1.8公里
17691337,17792809,革命烈士纪念馆,3,0米
17691337,17691376,青龙山森林公园,3,400米
17691337,17792851,青龙山森林公园,3,400米
17691337,5694002,中国地质大学江城学院继续教育学院,3,2.1公里
17691337,17792848,花之都儿童乐园,3,2.2公里
17691337,17691373,花之都儿童乐园,3,2.2公里
17691337,17691433,慕尚庄园,3,2.7公里
17691337,17792908,慕尚庄园,3,2.7公里
17792917,17691442,藏龙岛,3,0米
17792917,17792953,梁山头商业街,3,1.5公里
17792917,17691478,梁山头商业街,3,1.5公里
17792917,17691490,凤凰步行街,3,2公里
17792917,17792965,凤凰步行街,3,2公里
17691439,17792914,华泰汤孙湖旅游度假区,3,0米
17691439,17691454,汤孙湖山庄,3,800米
17691439,17792929,汤孙湖山庄,3,800米
17691439,17792959,庙山美食一条街,3,1公里
17691439,17691367,武汉医药产业园,3,1.1公里
17691439,17792842,武汉医药产业园,3,1.1公里
17691439,17691445,长岛,3,1.3公里
17691439,17792920,长岛,3,1.3公里
17691445,17792920,长岛,3,0米
17691445,17792959,庙山美食一条街,3,1.2公里
17691445,17792914,华泰汤孙湖旅游度假区,3,1.3公里
17691445,17691439,华泰汤孙湖旅游度假区,3,1.3公里
17691445,17691367,武汉医药产业园,3,1.6公里
17691445,17792842,武汉医药产业园,3,1.6公里
17691445,17792929,汤孙湖山庄,3,1.8公里
17691445,17691454,汤孙湖山庄,3,1.8公里
17792914,17691439,华泰汤孙湖旅游度假区,3,0米
17792914,17792929,汤孙湖山庄,3,800米
17792914,17691454,汤孙湖山庄,3,800米
17792914,17792959,庙山美食一条街,3,1公里
17792914,17691367,武汉医药产业园,3,1.1公里
17792914,17792842,武汉医药产业园,3,1.1公里
17792914,17691445,长岛,3,1.3公里
17792914,17792920,长岛,3,1.3公里
7047476,9320843,光谷多莫大教堂,3,300米
7047476,6930442,意大利风情街,3,500米
7047476,7392202,荷兰风情园,3,1.1公里
7047476,5785,华中科技大学,3,1.1公里
7047476,5427484,中国地质大学博物馆,3,1.5公里
7047476,35607,恐龙化石博物馆,3,1.8公里
7047476,7392100,中国地质大学,3,1.8公里
7047476,35643,中南民族大学,3,1.9公里
7047476,8078131,光谷广场地铁站,6,800米
7047476,8078130,杨家湾地铁站,6,2.1公里
17691352,17792827,恒河生态园,3,0米
17691352,17691508,段岭庙,3,2.8公里
17691352,17792983,段岭庙,3,2.8公里
3486110,5433190,武汉木兰云雾山景区,3,600米
17792827,17691352,恒河生态园,3,0米
17792827,17691508,段岭庙,3,2.8公里
17792827,17792983,段岭庙,3,2.8公里
17360776,3359887,武汉动物园,3,1.5公里
17360776,5434154,归元寺,3,2.1公里
17360776,5430371,武汉盆景奇石根雕艺术馆,3,2.2公里
17360776,6227,鹦鹉洲,3,2.6公里
17360776,35630,汉阳国际博览中心,3,2.7公里
17360776,3300122,汉阳江滩公园,3,2.7公里
17360776,7392780,琴台公园,3,2.9公里
17309296,35815,黎黄陂路街头博物馆,3,900米
17309296,6243,武汉美术馆,3,1.6公里
17309296,6630969,吉庆街,3,1.6公里
17309296,3302431,武昌江滩,3,1.9公里
17309296,35611,江汉路,3,2公里
17309296,6630975,江汉关大楼,3,2公里
17309296,9926,武汉长江二桥,3,2.1公里
17309296,5798,古德寺,3,2.9公里
17309296,8078064,三阳路地铁站,6,800米
17309296,8078066,大智路地铁站,6,1公里
17309296,8078063,黄浦路地铁站,6,1.7公里
17309296,8078118,江汉路地铁站,6,1.9公里
17309296,8078067,循礼门地铁站,6,2公里
17309296,8078061,头道街地铁站,6,2.8公里
17309296,8078086,友谊路地铁站,6,2.9公里
5430371,5434154,归元寺,3,100米
5430371,5805,古琴台,3,900米
5430371,35620,汉阳造艺术区,3,1.2公里
5430371,3303451,龟山,3,1.8公里
5430371,31630,晴川阁,3,2.5公里
5430371,35812,铁门关,3,2.6公里
5430371,5803,武汉长江大桥,3,2.7公里
5430371,35633,晴川桥,3,3公里
15206247,9229991,张之洞纪念公园,3,1公里
15206247,5434209,琴台大剧院,3,2.3公里
15206247,5434221,首义广场,3,2.3公里
15206247,8078093,宗关地铁站,6,2.6公里
15206247,8078094,汉西一路地铁站,6,2.8公里
5694002,17691433,慕尚庄园,3,800米
5694002,17792908,慕尚庄园,3,800米
5694002,17691379,谭鑫培公园,3,2公里
5694002,17792854,谭鑫培公园,3,2公里
5694002,17792809,革命烈士纪念馆,3,2.1公里
5694002,17691376,青龙山森林公园,3,2.3公里
5694002,17792851,青龙山森林公园,3,2.3公里
5694002,9429127,武汉港,3,2.8公里
5693976,5693975,湖北省经济管理干部学院南湖校区,3,0米
5693976,6725646,华中农业大学,3,2.3公里
5693976,5693997,基督教福音堂,3,2.5公里
5693976,5694010,湖北公共关系职业培训学院,3,2.9公里
5693976,17691511,儿童成长主题乐园,3,2.9公里
5693976,17792986,儿童成长主题乐园,3,2.9公里
5694001,5427484,中国地质大学博物馆,3,1.6公里
5694001,6930442,意大利风情街,3,1.7公里
5694001,7392100,中国地质大学,3,1.7公里
5694001,9320843,光谷多莫大教堂,3,2公里
5694001,35643,中南民族大学,3,2.4公里
5694001,5778,武汉大学樱花节,3,2.5公里
5694001,5785,华中科技大学,3,2.5公里
5694001,5690787,华中师范大学,3,2.6公里
5694001,8078130,杨家湾地铁站,6,600米
5694001,8078131,光谷广场地铁站,6,1公里
5694001,8078129,虎泉地铁站,6,1.6公里
5694001,8078128,广埠屯地铁站,6,2.7公里
5693975,5693976,湖北经济学院继续教育学院武昌校区,3,0米
5693975,6725646,华中农业大学,3,2.3公里
5693975,5693997,基督教福音堂,3,2.5公里
5693975,5694010,湖北公共关系职业培训学院,3,2.9公里
5693975,17691511,儿童成长主题乐园,3,2.9公里
5693975,17792986,儿童成长主题乐园,3,2.9公里
7643206,6199,天兴洲,3,1.2公里
7643206,3331179,中国武钢博物馆,3,1.8公里
7643206,3322209,青山公园,3,2.7公里
7643206,8078140,工业四路地铁站,6,800米
7643206,8078141,杨春湖地铁站,6,1公里
7643206,6936813,武汉火车站,6,1.6公里
7643206,8078143,武汉火车地铁站,6,1.9公里
7643206,8078139,仁和路地铁站,6,2.2公里
5694010,17691511,儿童成长主题乐园,3,0米
5694010,17792986,儿童成长主题乐园,3,0米
5694010,5693997,基督教福音堂,3,400米
5694010,5693824,中南财经政法大学,3,1.6公里
5693997,5694010,湖北公共关系职业培训学院,3,400米
5693997,17691511,儿童成长主题乐园,3,400米
5693997,17792986,儿童成长主题乐园,3,400米
5693997,5693824,中南财经政法大学,3,1.9公里
9229991,15206247,冰雪奇园主题儿童游乐场,3,1公里
9229991,5434209,琴台大剧院,3,1.9公里
9229991,5434221,首义广场,3,1.9公里
9229991,8078093,宗关地铁站,6,1.6公里
9229991,8078094,汉西一路地铁站,6,1.8公里
9229991,8078095,古田四路地铁站,6,2.2公里
9229991,8078091,太平洋地铁站,6,2.4公里
9229991,8078096,古田三路地铁站,6,2.9公里
17792803,17691331,中山舰博物馆,3,0米
17792803,17691328,中山舰博物馆,3,100米
17792803,17792800,中山舰博物馆,3,100米
17792803,35625,中山舰博物馆,3,100米
17792830,17691355,云旗龙泉山生态园,3,0米
17792830,17792932,龙泉山,3,300米
17792830,35627,龙泉山,3,500米
17792830,17691388,灵泉寺,3,500米
17792830,17792863,灵泉寺,3,500米
17792830,17792899,龙泉山风景区,3,600米
17792830,17691424,龙泉山风景区,3,600米
17792830,17691499,昭王寝,3,600米
17792836,17691361,常青文化,3,0米
17792836,6046862,武汉大学东湖分校(东大门),3,1.4公里
17792869,17691394,普愿禅寺,3,0米
17792869,9429127,武汉港,3,1.5公里
17792869,17792854,谭鑫培公园,3,2.5公里
17792869,17691379,谭鑫培公园,3,2.5公里
17792869,17792968,博雅豪庭时尚街,3,2.7公里
17792869,17691493,博雅豪庭时尚街,3,2.7公里
17792890,17691415,龙泉街覃庙村,3,0米
17792890,17792962,龙泉群众文化广场,3,400米
17792890,17691487,龙泉群众文化广场,3,400米
17792890,17792974,昭王寝,3,2.9公里
17792890,17691499,昭王寝,3,2.9公里
17792890,17792899,龙泉山风景区,3,2.9公里
17792890,17691424,龙泉山风景区,3,2.9公里
17792896,17691358,鳄鱼,3,1.3公里
17792896,5694002,中国地质大学江城学院继续教育学院,3,1.3公里
17792896,17691373,花之都儿童乐园,3,1.4公里
17792896,17792854,谭鑫培公园,3,1.6公里
17792896,17691379,谭鑫培公园,3,1.6公里
17792896,17691433,慕尚庄园,3,1.7公里
17792896,17792908,慕尚庄园,3,1.7公里
17792896,9429127,武汉港,3,2.6公里
17792953,17691478,梁山头商业街,3,0米
17792953,17691442,藏龙岛,3,1.5公里
17792953,17792917,藏龙岛,3,1.5公里
17792953,17792965,凤凰步行街,3,1.8公里
17792953,17691490,凤凰步行街,3,1.8公里
17792953,17691463,金地·褐石庄园,3,2.7公里
17792953,17792938,金地·褐石庄园,3,2.7公里
17792959,17792842,武汉医药产业园,3,400米
17792959,17691367,武汉医药产业园,3,400米
17792959,17792929,汤孙湖山庄,3,900米
17792959,17691454,汤孙湖山庄,3,900米
17792959,17792914,华泰汤孙湖旅游度假区,3,1公里
17792959,17691439,华泰汤孙湖旅游度假区,3,1公里
17792959,17792920,长岛,3,1.2公里
17792959,17691445,长岛,3,1.2公里
17792980,17691505,大花山,3,0米
17792980,6776,江夏区大花山,3,0米
17792980,17792812,开利星空,3,600米
17792980,17691340,开利星空,3,600米
17792986,17691511,儿童成长主题乐园,3,0米
17792986,5694010,湖北公共关系职业培训学院,3,0米
17792986,5693997,基督教福音堂,3,400米
17792986,5693824,中南财经政法大学,3,1.6公里
17691340,17792812,开利星空,3,0米
17691340,6776,江夏区大花山,3,600米
17691340,17792980,大花山,3,600米
17691340,17691505,大花山,3,600米
17691373,17691433,慕尚庄园,3,600米
17691373,17792908,慕尚庄园,3,600米
17691373,17691379,谭鑫培公园,3,1.9公里
17691373,17792854,谭鑫培公园,3,1.9公里
17691373,17792809,革命烈士纪念馆,3,2.2公里
17691373,17691376,青龙山森林公园,3,2.5公里
17691373,17792851,青龙山森林公园,3,2.5公里
17691373,9429127,武汉港,3,2.7公里
17691403,17792878,基督教恩典堂,3,0米
17691436,17792911,八方山,3,0米
17691463,17792938,金地·褐石庄园,3,0米
17691463,7687622,武汉工程大学流芳校区,3,1公里
17691463,17792965,凤凰步行街,3,1.5公里
17691463,17691490,凤凰步行街,3,1.5公里
17691463,17691478,梁山头商业街,3,2.7公里
17691463,17792953,梁山头商业街,3,2.7公里
17691469,17792944,古龙山,3,0米
17691469,17691502,古龙塆,3,300米
17691469,17792977,古龙塆,3,300米
17691490,17792965,凤凰步行街,3,0米
17691490,17691463,金地·褐石庄园,3,1.5公里
17691490,17792938,金地·褐石庄园,3,1.5公里
17691490,17691478,梁山头商业街,3,1.8公里
17691490,17792953,梁山头商业街,3,1.8公里
17691490,17691442,藏龙岛,3,2公里
17691490,17792917,藏龙岛,3,2公里
17691490,7687622,武汉工程大学流芳校区,3,2.6公里
17691496,17792971,沛美达,3,0米
17691496,17792806,国际星河玫瑰艺术展(武汉站),3,0米
17691496,17691334,国际星河玫瑰艺术展(武汉站),3,0米
17691496,17792884,巴登城,3,0米
17691496,7047475,锦绣山庄,3,1.7公里
17691520,17792995,贝佳艺术馆(金银潭店),3,0米
17691520,5686950,武汉工业学院,3,1.5公里
17691520,5687877,武汉轻工大学(南门),3,1.6公里
17691520,17691535,东方马城巨幕秀场,3,2.7公里
17691520,17793010,东方马城巨幕秀场,3,2.7公里
17691520,17793001,C11环球动漫展,3,2.8公里
17691520,17691526,C11环球动漫展,3,2.8公里
17691520,8078108,金银潭地铁站,6,400米
17691520,8078109,常青花园地铁站,6,1.1公里
17691526,17691517,园林艺术馆,3,300米
17691526,17792992,园林艺术馆,3,300米
17691526,17793010,东方马城巨幕秀场,3,1.3公里
17691526,17691535,东方马城巨幕秀场,3,1.3公里
17691526,5686950,武汉工业学院,3,1.8公里
17691526,5687877,武汉轻工大学(南门),3,2公里
17691526,17792995,贝佳艺术馆(金银潭店),3,2.8公里
17691526,17691520,贝佳艺术馆(金银潭店),3,2.8公里
17691526,8078109,常青花园地铁站,6,2.6公里
17691358,17691433,慕尚庄园,3,600米
17691358,17792908,慕尚庄园,3,600米
17691358,17691379,谭鑫培公园,3,1.8公里
17691358,17792854,谭鑫培公园,3,1.8公里
17691358,17792809,革命烈士纪念馆,3,2.3公里
17691358,17691376,青龙山森林公园,3,2.6公里
17691358,17792851,青龙山森林公园,3,2.6公里
17691358,9429127,武汉港,3,2.6公里
17691385,5694002,中国地质大学江城学院继续教育学院,3,900米
17691385,17792908,慕尚庄园,3,1.1公里
17691385,17691433,慕尚庄园,3,1.1公里
17691385,17792854,谭鑫培公园,3,1.3公里
17691385,17691379,谭鑫培公园,3,1.3公里
17691385,9429127,武汉港,3,2.3公里
17691385,17691337,革命烈士纪念馆,3,2.9公里
17691385,17792809,革命烈士纪念馆,3,2.9公里
17691415,17792890,龙泉街覃庙村,3,0米
17691415,17792962,龙泉群众文化广场,3,400米
17691415,17691487,龙泉群众文化广场,3,400米
17691415,17792974,昭王寝,3,2.9公里
17691415,17691499,昭王寝,3,2.9公里
17691415,17792899,龙泉山风景区,3,2.9公里
17691415,17691424,龙泉山风景区,3,2.9公里
17691475,17792950,鸽子山,3,0米
17691475,17691343,江夏薰香悦花卉世界,3,2.5公里
17691475,17792815,江夏薰香悦花卉世界,3,2.5公里
17691475,17691508,段岭庙,3,2.7公里
17691475,17792983,段岭庙,3,2.7公里
17691505,17792980,大花山,3,0米
17691505,6776,江夏区大花山,3,0米
17691505,17792812,开利星空,3,600米
17691505,17691340,开利星空,3,600米
17691532,17691523,东西湖科技馆,3,600米
17691532,17792998,东西湖科技馆,3,600米
17691532,17793004,聚文斋书画装裱美术工作室,3,800米
17691532,17691529,聚文斋书画装裱美术工作室,3,800米
17691532,7690291,武汉花世界,3,900米
17691532,17792989,三尤酒瓶博物馆,3,1.6公里
17691532,17691514,三尤酒瓶博物馆,3,1.6公里
17691532,7392748,石榴红村,3,2.9公里
17691532,8078105,东吴大道地铁站,6,700米
17691532,8078102,五环大道地铁站,6,1.2公里
17792842,17691367,武汉医药产业园,3,0米
17792842,17792959,庙山美食一条街,3,400米
17792842,17691454,汤孙湖山庄,3,800米
17792842,17792929,汤孙湖山庄,3,800米
17792842,17792914,华泰汤孙湖旅游度假区,3,1.1公里
17792842,17691439,华泰汤孙湖旅游度假区,3,1.1公里
17792842,17792920,长岛,3,1.6公里
17792842,17691445,长岛,3,1.6公里
17792848,17691433,慕尚庄园,3,600米
17792848,17792908,慕尚庄园,3,600米
17792848,17691379,谭鑫培公园,3,1.9公里
17792848,17792854,谭鑫培公园,3,1.9公里
17792848,17792809,革命烈士纪念馆,3,2.2公里
17792848,17691376,青龙山森林公园,3,2.5公里
17792848,17792851,青龙山森林公园,3,2.5公里
17792848,9429127,武汉港,3,2.7公里
17792875,17691376,青龙山森林公园,3,1.9公里
17792875,17792851,青龙山森林公园,3,1.9公里
17792875,17792809,革命烈士纪念馆,3,1.9公里
17792875,17691337,革命烈士纪念馆,3,1.9公里
17792875,17691433,慕尚庄园,3,2.1公里
17792875,17792908,慕尚庄园,3,2.1公里
17792875,17691379,谭鑫培公园,3,2.8公里
17792875,17792854,谭鑫培公园,3,2.8公里
17792932,17691355,云旗龙泉山生态园,3,300米
17792932,17792830,云旗龙泉山生态园,3,300米
17792932,17691388,灵泉寺,3,500米
17792932,17792863,灵泉寺,3,500米
17792932,35627,龙泉山,3,500米
17792932,17792899,龙泉山风景区,3,800米
17792932,17691424,龙泉山风景区,3,800米
17792932,17691499,昭王寝,3,800米
17792938,17691463,金地·褐石庄园,3,0米
17792938,7687622,武汉工程大学流芳校区,3,1公里
17792938,17792965,凤凰步行街,3,1.5公里
17792938,17691490,凤凰步行街,3,1.5公里
17792938,17691478,梁山头商业街,3,2.7公里
17792938,17792953,梁山头商业街,3,2.7公里
17792965,17691490,凤凰步行街,3,0米
17792965,17792938,金地·褐石庄园,3,1.5公里
17792965,17691463,金地·褐石庄园,3,1.5公里
17792965,17691478,梁山头商业街,3,1.8公里
17792965,17792953,梁山头商业街,3,1.8公里
17792965,17691442,藏龙岛,3,2公里
17792965,17792917,藏龙岛,3,2公里
17792965,7687622,武汉工程大学流芳校区,3,2.6公里
17792992,17691517,园林艺术馆,3,0米
17792992,17793001,C11环球动漫展,3,300米
17792992,17691526,C11环球动漫展,3,300米
17792992,17793010,东方马城巨幕秀场,3,1.5公里
17792992,17691535,东方马城巨幕秀场,3,1.5公里
17792992,5686950,武汉工业学院,3,2.1公里
17792992,5687877,武汉轻工大学(南门),3,2.3公里
17792992,8078109,常青花园地铁站,6,2.9公里
17691532,17691523,东西湖科技馆,3,600米
17691532,17792998,东西湖科技馆,3,600米
17691532,17793004,聚文斋书画装裱美术工作室,3,800米
17691532,17691529,聚文斋书画装裱美术工作室,3,800米
17691532,7690291,武汉花世界,3,900米
17691532,17792989,三尤酒瓶博物馆,3,1.6公里
17691532,17691514,三尤酒瓶博物馆,3,1.6公里
17691532,7392748,石榴红村,3,2.9公里
17691532,8078105,东吴大道地铁站,6,700米
17691532,8078102,五环大道地铁站,6,1.2公里
17691331,17792803,中山舰博物馆,3,0米
17691331,17691328,中山舰博物馆,3,100米
17691331,17792800,中山舰博物馆,3,100米
17691331,35625,中山舰博物馆,3,100米
17691364,17792839,金湖湾科技生态园,3,0米
17691397,17792872,观音寺,3,0米
17691397,17792956,江夏商业街,3,1.7公里
17691397,17691481,江夏商业街,3,1.7公里
17691397,5503885,白云洞军事旅游风景区,3,2公里
17691397,17792809,革命烈士纪念馆,3,2.8公里
17691397,17691337,革命烈士纪念馆,3,2.8公里
17691397,17792857,熊廷弼公园,3,2.8公里
17691397,17691382,熊廷弼公园,3,2.8公里
17691421,17792896,基督教恩惠堂,3,0米
17691421,5694002,中国地质大学江城学院继续教育学院,3,1.3公里
17691421,17691373,花之都儿童乐园,3,1.4公里
17691421,17792854,谭鑫培公园,3,1.6公里
17691421,17691379,谭鑫培公园,3,1.6公里
17691421,17691433,慕尚庄园,3,1.7公里
17691421,17792908,慕尚庄园,3,1.7公里
17691421,9429127,武汉港,3,2.6公里
17691481,5694002,中国地质大学江城学院继续教育学院,3,1.8公里
17691481,17792908,慕尚庄园,3,1.8公里
17691481,17691433,慕尚庄园,3,1.8公里
17691481,5503885,白云洞军事旅游风景区,3,1.9公里
17691481,17792809,革命烈士纪念馆,3,1.9公里
17691481,17691337,革命烈士纪念馆,3,1.9公里
17691481,17691376,青龙山森林公园,3,2.3公里
17691481,17792851,青龙山森林公园,3,2.3公里
17691487,17792962,龙泉群众文化广场,3,0米
17691487,17691415,龙泉街覃庙村,3,400米
17691487,17792890,龙泉街覃庙村,3,400米
17691511,17792986,儿童成长主题乐园,3,0米
17691511,5694010,湖北公共关系职业培训学院,3,0米
17691511,5693997,基督教福音堂,3,400米
17691511,5693824,中南财经政法大学,3,1.6公里
17691517,17792992,园林艺术馆,3,0米
17691517,17793001,C11环球动漫展,3,300米
17691517,17691526,C11环球动漫展,3,300米
17691517,17793010,东方马城巨幕秀场,3,1.5公里
17691517,17691535,东方马城巨幕秀场,3,1.5公里
17691517,5686950,武汉工业学院,3,2.1公里
17691517,5687877,武汉轻工大学(南门),3,2.3公里
17691517,8078109,常青花园地铁站,6,2.9公里
17792881,17691406,东湖大庙咀金字塔,3,0米
17792887,17691412,观音堂,3,0米
17792911,17691436,八方山,3,0米
17792944,17691469,古龙山,3,0米
17792944,17691502,古龙塆,3,300米
17792944,17792977,古龙塆,3,300米
17792971,17691496,沛美达,3,0米
17792971,17792806,国际星河玫瑰艺术展(武汉站),3,0米
17792971,17691334,国际星河玫瑰艺术展(武汉站),3,0米
17792971,17792884,巴登城,3,0米
17792971,7047475,锦绣山庄,3,1.7公里
17792977,17691502,古龙塆,3,0米
17792977,17792944,古龙山,3,300米
17792977,17691469,古龙山,3,300米
17793004,17691529,聚文斋书画装裱美术工作室,3,0米
17793004,7690291,武汉花世界,3,200米
17793004,17691523,东西湖科技馆,3,400米
17793004,17792998,东西湖科技馆,3,400米
17793004,17691532,一飞书画苑,3,800米
17793004,17691514,三尤酒瓶博物馆,3,1公里
17793004,17792989,三尤酒瓶博物馆,3,1公里
17793004,7392748,石榴红村,3,2.6公里
17793004,8078102,五环大道地铁站,6,400米
17793004,8078105,东吴大道地铁站,6,1公里
17792833,17691433,慕尚庄园,3,600米
17792833,17792908,慕尚庄园,3,600米
17792833,17691379,谭鑫培公园,3,1.8公里
17792833,17792854,谭鑫培公园,3,1.8公里
17792833,17792809,革命烈士纪念馆,3,2.3公里
17792833,17691376,青龙山森林公园,3,2.6公里
17792833,17792851,青龙山森林公园,3,2.6公里
17792833,9429127,武汉港,3,2.6公里
17792839,17691364,金湖湾科技生态园,3,0米
17792860,5694002,中国地质大学江城学院继续教育学院,3,900米
17792860,17792908,慕尚庄园,3,1.1公里
17792860,17691433,慕尚庄园,3,1.1公里
17792860,17792854,谭鑫培公园,3,1.3公里
17792860,17691379,谭鑫培公园,3,1.3公里
17792860,9429127,武汉港,3,2.3公里
17792860,17691337,革命烈士纪念馆,3,2.9公里
17792860,17792809,革命烈士纪念馆,3,2.9公里
17792893,17691418,基督教同心堂,3,0米
17792950,17691475,鸽子山,3,0米
17792950,17691343,江夏薰香悦花卉世界,3,2.5公里
17792950,17792815,江夏薰香悦花卉世界,3,2.5公里
17792950,17691508,段岭庙,3,2.7公里
17792950,17792983,段岭庙,3,2.7公里
17792956,5694002,中国地质大学江城学院继续教育学院,3,1.8公里
17792956,17792908,慕尚庄园,3,1.8公里
17792956,17691433,慕尚庄园,3,1.8公里
17792956,5503885,白云洞军事旅游风景区,3,1.9公里
17792956,17792809,革命烈士纪念馆,3,1.9公里
17792956,17691337,革命烈士纪念馆,3,1.9公里
17792956,17691376,青龙山森林公园,3,2.3公里
17792956,17792851,青龙山森林公园,3,2.3公里
17792983,17691508,段岭庙,3,0米
17792983,17792950,鸽子山,3,2.7公里
17792983,17691475,鸽子山,3,2.7公里
17792983,17792827,恒河生态园,3,2.8公里
17792983,17691352,恒河生态园,3,2.8公里
17793010,17691535,东方马城巨幕秀场,3,0米
17793010,5686950,武汉工业学院,3,1.2公里
17793010,17691526,C11环球动漫展,3,1.3公里
17793010,17792992,园林艺术馆,3,1.5公里
17793010,17691517,园林艺术馆,3,1.5公里
17793010,5687877,武汉轻工大学(南门),3,2.7公里
17793010,17792995,贝佳艺术馆(金银潭店),3,2.7公里
17793010,17691520,贝佳艺术馆(金银潭店),3,2.7公里
17793010,8078109,常青花园地铁站,6,1.9公里
17793010,8078108,金银潭地铁站,6,2.9公里
17691370,17792845,青春生态园,3,0米
17691400,17691376,青龙山森林公园,3,1.9公里
17691400,17792851,青龙山森林公园,3,1.9公里
17691400,17792809,革命烈士纪念馆,3,1.9公里
17691400,17691337,革命烈士纪念馆,3,1.9公里
17691400,17691433,慕尚庄园,3,2.1公里
17691400,17792908,慕尚庄园,3,2.1公里
17691400,17691379,谭鑫培公园,3,2.8公里
17691400,17792854,谭鑫培公园,3,2.8公里
17691406,17792881,东湖大庙咀金字塔,3,0米
17691460,17691376,青龙山森林公园,3,0米
17691460,17792851,青龙山森林公园,3,0米
17691460,17691337,革命烈士纪念馆,3,400米
17691460,17792809,革命烈士纪念馆,3,400米
17691460,5694002,中国地质大学江城学院继续教育学院,3,2.3公里
17691460,17691373,花之都儿童乐园,3,2.4公里
17691460,17691433,慕尚庄园,3,3公里
17691460,17792908,慕尚庄园,3,3公里
17691466,17792941,高腊梅水库,3,0米
17691493,17792854,谭鑫培公园,3,200米
17691493,17691379,谭鑫培公园,3,200米
17691493,9429127,武汉港,3,1.2公里
17691493,17792896,基督教恩惠堂,3,1.4公里
17691493,17691433,慕尚庄园,3,1.5公里
17691493,17792908,慕尚庄园,3,1.5公里
17691493,5694002,中国地质大学江城学院继续教育学院,3,1.8公里
17691493,17792869,普愿禅寺,3,2.7公里
17691499,17691424,龙泉山风景区,3,100米
17691499,17792899,龙泉山风景区,3,100米
17691499,35627,龙泉山,3,400米
17691499,17691388,灵泉寺,3,500米
17691499,17792863,灵泉寺,3,500米
17691499,17792830,云旗龙泉山生态园,3,600米
17691499,17691415,龙泉街覃庙村,3,2.9公里
17691499,17792890,龙泉街覃庙村,3,2.9公里
17691523,17792998,东西湖科技馆,3,0米
17691523,17793004,聚文斋书画装裱美术工作室,3,400米
17691523,17691529,聚文斋书画装裱美术工作室,3,400米
17691523,17691532,一飞书画苑,3,600米
17691523,7690291,武汉花世界,3,600米
17691523,17792989,三尤酒瓶博物馆,3,1公里
17691523,17691514,三尤酒瓶博物馆,3,1公里
17691523,7392748,石榴红村,3,3公里
17691523,8078102,五环大道地铁站,6,800米
17691523,8078105,东吴大道地铁站,6,1.1公里
17691529,17793004,聚文斋书画装裱美术工作室,3,0米
17691529,7690291,武汉花世界,3,200米
17691529,17691523,东西湖科技馆,3,400米
17691529,17792998,东西湖科技馆,3,400米
17691529,17691532,一飞书画苑,3,800米
17691529,17691514,三尤酒瓶博物馆,3,1公里
17691529,17792989,三尤酒瓶博物馆,3,1公里
17691529,7392748,石榴红村,3,2.6公里
17691529,8078102,五环大道地铁站,6,400米
17691529,8078105,东吴大道地铁站,6,1公里
17691355,17792830,云旗龙泉山生态园,3,0米
17691355,17792932,龙泉山,3,300米
17691355,35627,龙泉山,3,500米
17691355,17691388,灵泉寺,3,500米
17691355,17792863,灵泉寺,3,500米
17691355,17792899,龙泉山风景区,3,600米
17691355,17691424,龙泉山风景区,3,600米
17691355,17691499,昭王寝,3,600米
17691382,17691337,革命烈士纪念馆,3,100米
17691382,17792809,革命烈士纪念馆,3,100米
17691382,17792851,青龙山森林公园,3,500米
17691382,17691376,青龙山森林公园,3,500米
17691382,5694002,中国地质大学江城学院继续教育学院,3,2公里
17691382,17792908,慕尚庄园,3,2.6公里
17691382,17691433,慕尚庄园,3,2.6公里
17691382,17792896,基督教恩惠堂,3,2.9公里
17691412,17792887,观音堂,3,0米
17691418,17792893,基督教同心堂,3,0米
17691472,17792947,严东湖,3,0米
17691478,17792953,梁山头商业街,3,0米
17691478,17691442,藏龙岛,3,1.5公里
17691478,17792917,藏龙岛,3,1.5公里
17691478,17691490,凤凰步行街,3,1.8公里
17691478,17792965,凤凰步行街,3,1.8公里
17691478,17691463,金地·褐石庄园,3,2.7公里
17691478,17792938,金地·褐石庄园,3,2.7公里
17691502,17792977,古龙塆,3,0米
17691502,17792944,古龙山,3,300米
17691502,17691469,古龙山,3,300米
17691508,17792983,段岭庙,3,0米
17691508,17792950,鸽子山,3,2.7公里
17691508,17691475,鸽子山,3,2.7公里
17691508,17792827,恒河生态园,3,2.8公里
17691508,17691352,恒河生态园,3,2.8公里
17691535,17793010,东方马城巨幕秀场,3,0米
17691535,5686950,武汉工业学院,3,1.2公里
17691535,17691526,C11环球动漫展,3,1.3公里
17691535,17792992,园林艺术馆,3,1.5公里
17691535,17691517,园林艺术馆,3,1.5公里
17691535,5687877,武汉轻工大学(南门),3,2.7公里
17691535,17792995,贝佳艺术馆(金银潭店),3,2.7公里
17691535,17691520,贝佳艺术馆(金银潭店),3,2.7公里
17691535,8078109,常青花园地铁站,6,1.9公里
17691535,8078108,金银潭地铁站,6,2.9公里
17792812,17691340,开利星空,3,0米
17792812,6776,江夏区大花山,3,600米
17792812,17691505,大花山,3,600米
17792812,17792980,大花山,3,600米
17792845,17691370,青春生态园,3,0米
17792872,17691397,观音寺,3,0米
17792872,17792956,江夏商业街,3,1.7公里
17792872,17691481,江夏商业街,3,1.7公里
17792872,5503885,白云洞军事旅游风景区,3,2公里
17792872,17691337,革命烈士纪念馆,3,2.8公里
17792872,17792809,革命烈士纪念馆,3,2.8公里
17792872,17792857,熊廷弼公园,3,2.8公里
17792872,17691382,熊廷弼公园,3,2.8公里
17792878,17691403,基督教恩典堂,3,0米
17792935,17691376,青龙山森林公园,3,0米
17792935,17792851,青龙山森林公园,3,0米
17792935,17691337,革命烈士纪念馆,3,400米
17792935,17792809,革命烈士纪念馆,3,400米
17792935,5694002,中国地质大学江城学院继续教育学院,3,2.3公里
17792935,17691373,花之都儿童乐园,3,2.4公里
17792935,17691433,慕尚庄园,3,3公里
17792935,17792908,慕尚庄园,3,3公里
17792962,17691487,龙泉群众文化广场,3,0米
17792962,17691415,龙泉街覃庙村,3,400米
17792962,17792890,龙泉街覃庙村,3,400米
17792968,17792854,谭鑫培公园,3,200米
17792968,17691379,谭鑫培公园,3,200米
17792968,9429127,武汉港,3,1.2公里
17792968,17792896,基督教恩惠堂,3,1.4公里
17792968,17691433,慕尚庄园,3,1.5公里
17792968,17792908,慕尚庄园,3,1.5公里
17792968,5694002,中国地质大学江城学院继续教育学院,3,1.8公里
17792968,17792869,普愿禅寺,3,2.7公里
17792995,17691520,贝佳艺术馆(金银潭店),3,0米
17792995,5686950,武汉工业学院,3,1.5公里
17792995,5687877,武汉轻工大学(南门),3,1.6公里
17792995,17691535,东方马城巨幕秀场,3,2.7公里
17792995,17793010,东方马城巨幕秀场,3,2.7公里
17792995,17793001,C11环球动漫展,3,2.8公里
17792995,17691526,C11环球动漫展,3,2.8公里
17792995,8078108,金银潭地铁站,6,400米
17792995,8078109,常青花园地铁站,6,1.1公里
17792857,17691337,革命烈士纪念馆,3,100米
17792857,17792809,革命烈士纪念馆,3,100米
17792857,17792851,青龙山森林公园,3,500米
17792857,17691376,青龙山森林公园,3,500米
17792857,5694002,中国地质大学江城学院继续教育学院,3,2公里
17792857,17792908,慕尚庄园,3,2.6公里
17792857,17691433,慕尚庄园,3,2.6公里
17792857,17792896,基督教恩惠堂,3,2.9公里
17792884,17792971,沛美达,3,0米
17792884,17691496,沛美达,3,0米
17792884,17691334,国际星河玫瑰艺术展(武汉站),3,0米
17792884,17792806,国际星河玫瑰艺术展(武汉站),3,0米
17792884,7047475,锦绣山庄,3,1.7公里
17792941,17691466,高腊梅水库,3,0米
17792947,17691472,严东湖,3,0米
17792974,17691424,龙泉山风景区,3,100米
17792974,17792899,龙泉山风景区,3,100米
17792974,35627,龙泉山,3,400米
17792974,17691388,灵泉寺,3,500米
17792974,17792863,灵泉寺,3,500米
17792974,17792830,云旗龙泉山生态园,3,600米
17792974,17691415,龙泉街覃庙村,3,2.9公里
17792974,17792890,龙泉街覃庙村,3,2.9公里
17793001,17691526,C11环球动漫展,3,0米
17793001,17691517,园林艺术馆,3,300米
17793001,17792992,园林艺术馆,3,300米
17793001,17793010,东方马城巨幕秀场,3,1.3公里
17793001,17691535,东方马城巨幕秀场,3,1.3公里
17793001,5686950,武汉工业学院,3,1.8公里
17793001,5687877,武汉轻工大学(南门),3,2公里
17793001,17691520,贝佳艺术馆(金银潭店),3,2.8公里
17793001,8078109,常青花园地铁站,6,2.6公里
17793007,17691532,一飞书画苑,3,0米
17793007,17792998,东西湖科技馆,3,600米
17793007,17691523,东西湖科技馆,3,600米
17793007,17793004,聚文斋书画装裱美术工作室,3,800米
17793007,7690291,武汉花世界,3,900米
17793007,17792989,三尤酒瓶博物馆,3,1.6公里
17793007,17691514,三尤酒瓶博物馆,3,1.6公里
17793007,7392748,石榴红村,3,2.9公里
17793007,8078105,东吴大道地铁站,6,700米
17793007,8078102,五环大道地铁站,6,1.2公里
17691361,17792836,常青文化,3,0米
17691361,6046862,武汉大学东湖分校(东大门),3,1.4公里
17691367,17792842,武汉医药产业园,3,0米
17691367,17792959,庙山美食一条街,3,400米
17691367,17691454,汤孙湖山庄,3,800米
17691367,17792929,汤孙湖山庄,3,800米
17691367,17792914,华泰汤孙湖旅游度假区,3,1.1公里
17691367,17691439,华泰汤孙湖旅游度假区,3,1.1公里
17691367,17792920,长岛,3,1.6公里
17691367,17691445,长岛,3,1.6公里
17691394,17792869,普愿禅寺,3,0米
17691394,9429127,武汉港,3,1.5公里
17691394,17792854,谭鑫培公园,3,2.5公里
17691394,17691379,谭鑫培公园,3,2.5公里
17691394,17792968,博雅豪庭时尚街,3,2.7公里
17691394,17691493,博雅豪庭时尚街,3,2.7公里
17691457,17792932,龙泉山,3,0米
17691457,17792830,云旗龙泉山生态园,3,300米
17691457,17691388,灵泉寺,3,500米
17691457,17792863,灵泉寺,3,500米
17691457,35627,龙泉山,3,500米
17691457,17792899,龙泉山风景区,3,800米
17691457,17691424,龙泉山风景区,3,800米
17691457,17691499,昭王寝,3,800米
17691484,17792959,庙山美食一条街,3,0米
17691484,17792842,武汉医药产业园,3,400米
17691484,17792929,汤孙湖山庄,3,900米
17691484,17691454,汤孙湖山庄,3,900米
17691484,17792914,华泰汤孙湖旅游度假区,3,1公里
17691484,17691439,华泰汤孙湖旅游度假区,3,1公里
17691484,17792920,长岛,3,1.2公里
17691484,17691445,长岛,3,1.2公里
